{
    "variants": {
        "inventory": { "model": "isorropia:arcane_cake", "transform": "forge:default-block" },
        "cake_state=0": { "model": "isorropia:arcane_cake/cake_uneaten" },
        "cake_state=1": { "model": "isorropia:arcane_cake/cake_slice1" },
        "cake_state=2": { "model": "isorropia:arcane_cake/cake_slice1" },
        "cake_state=3": { "model": "isorropia:arcane_cake/cake_slice2" },
        "cake_state=4": { "model": "isorropia:arcane_cake/cake_slice2" },
        "cake_state=5": { "model": "isorropia:arcane_cake/cake_slice3" },
        "cake_state=6": { "model": "isorropia:arcane_cake/cake_slice3" },
        "cake_state=7": { "model": "isorropia:arcane_cake/cake_slice4" },
        "cake_state=8": { "model": "isorropia:arcane_cake/cake_slice4" },
        "cake_state=9": { "model": "isorropia:arcane_cake/cake_slice5" },
        "cake_state=10": { "model": "isorropia:arcane_cake/cake_slice5" },
        "cake_state=11": { "model": "isorropia:arcane_cake/cake_slice6" },
        "cake_state=12": { "model": "isorropia:arcane_cake/cake_slice6" }
    }
}