{
	"credit": "Made with Blockbench",
	"textures": {
		"0": "isorropia:blocks/vat_side",
		"1": "isorropia:blocks/vat_misc",
		"2": "isorropia:blocks/vat_under",
		"3": "minecraft:blocks/water_still",
		"particle": "isorropia:blocks/vat_side"
	},
	"elements": [
		{
			"from": [-14, 0, -14],
			"to": [30, 16, 30],
			"faces": {
				"north": {"uv": [0.5, 12, 11.5, 16], "texture": "#0"},
				"east": {"uv": [0.5, 12, 11.5, 16], "texture": "#0"},
				"south": {"uv": [0.5, 12, 11.5, 16], "texture": "#0"},
				"west": {"uv": [0.5, 12, 11.5, 16], "texture": "#0"},
				"up": {"uv": [0, 0, 11, 11], "texture": "#1"},
				"down": {"uv": [0.5, 0.5, 11.5, 11.5], "texture": "#2"}
			}
		},
		{
			"from": [13, 6, -15],
			"to": [31, 10, -14],
			"faces": {
				"north": {"uv": [0.25, 13.5, 4.75, 14.5], "texture": "#0"},
				"east": {"uv": [0.25, 13.5, 0.5, 14.5], "texture": "#0"},
				"up": {"uv": [0.25, 13.5, 4.75, 13.75], "rotation": 180, "texture": "#0"},
				"down": {"uv": [0.25, 14.25, 4.75, 14.5], "rotation": 180, "texture": "#0"}
			}
		},
		{
			"from": [4, 4, -16],
			"to": [12, 12, -14],
			"faces": {
				"north": {"uv": [5, 13, 7, 15], "texture": "#0"},
				"east": {"uv": [12.75, 12.75, 14.75, 13.25], "rotation": 90, "texture": "#0"},
				"west": {"uv": [12.75, 12.75, 14.75, 13.25], "rotation": 90, "texture": "#0"},
				"up": {"uv": [12.75, 12.75, 14.75, 13.25], "texture": "#0"},
				"down": {"uv": [12.75, 12.75, 14.75, 13.25], "texture": "#0"}
			}
		},
		{
			"from": [12, 5, -15],
			"to": [13, 11, -14],
			"faces": {
				"north": {"uv": [4.75, 13.25, 4.95, 14.75], "texture": "#0"},
				"east": {"uv": [4.75, 13.25, 5, 14.75], "texture": "#0"},
				"up": {"uv": [4.75, 13.25, 4.95, 13.5], "texture": "#0"},
				"down": {"uv": [4.75, 14.5, 4.95, 14.75], "texture": "#0"}
			}
		},
		{
			"from": [-15, 6, -15],
			"to": [3, 10, -14],
			"faces": {
				"north": {"uv": [7.25, 13.5, 11.75, 14.5], "texture": "#0"},
				"west": {"uv": [11.5, 13.5, 11.75, 14.5], "texture": "#0"},
				"up": {"uv": [7.25, 13.5, 11.75, 13.75], "rotation": 180, "texture": "#0"},
				"down": {"uv": [7.25, 14.25, 11.75, 14.5], "rotation": 180, "texture": "#0"}
			}
		},
		{
			"from": [3, 5, -15],
			"to": [4, 11, -14],
			"faces": {
				"north": {"uv": [7, 13.25, 7.2, 14.75], "texture": "#0"},
				"west": {"uv": [7, 13.25, 7.2, 14.75], "texture": "#0"},
				"up": {"uv": [7, 13.25, 7.2, 13.5], "texture": "#0"},
				"down": {"uv": [7, 14.5, 7.2, 14.75], "texture": "#0"}
			}
		},
		{
			"from": [6, 2, -15],
			"to": [10, 4, -14],
			"faces": {
				"north": {"uv": [5.5, 15, 6.45, 15.5], "texture": "#0"},
				"east": {"uv": [5.5, 15, 5.75, 15.5], "texture": "#0"},
				"west": {"uv": [6.25, 15, 6.45, 15.5], "texture": "#0"}
			}
		},
		{
			"from": [5, 0, -15],
			"to": [11, 2, -14],
			"faces": {
				"north": {"uv": [5.25, 15.5, 6.7, 16], "texture": "#0"},
				"east": {"uv": [5.25, 15.5, 5.5, 16], "texture": "#0"},
				"west": {"uv": [6.5, 15.5, 6.7, 16], "texture": "#0"},
				"up": {"uv": [5.25, 15.5, 6.75, 15.75], "texture": "#0"},
				"down": {"uv": [5.25, 15.75, 6.75, 16], "texture": "#0"}
			}
		},
		{
			"from": [-15, 6, 30],
			"to": [3, 10, 31],
			"faces": {
				"south": {"uv": [0.25, 13.5, 4.75, 14.5], "texture": "#0"},
				"west": {"uv": [0.25, 13.5, 0.5, 14.5], "texture": "#0"},
				"up": {"uv": [0.25, 13.5, 4.75, 13.75], "texture": "#0"},
				"down": {"uv": [0.25, 14.25, 4.75, 14.5], "texture": "#0"}
			}
		},
		{
			"from": [4, 4, 30],
			"to": [12, 12, 32],
			"faces": {
				"east": {"uv": [12.75, 12.75, 14.75, 13.25], "rotation": 90, "texture": "#0"},
				"south": {"uv": [5, 13, 7, 15], "texture": "#0"},
				"west": {"uv": [12.75, 12.75, 14.75, 13.25], "rotation": 90, "texture": "#0"},
				"up": {"uv": [12.75, 12.75, 14.75, 13.25], "rotation": 180, "texture": "#0"},
				"down": {"uv": [12.75, 12.75, 14.75, 13.25], "rotation": 180, "texture": "#0"}
			}
		},
		{
			"from": [3, 5, 30],
			"to": [4, 11, 31],
			"faces": {
				"south": {"uv": [4.75, 13.25, 4.95, 14.75], "texture": "#0"},
				"west": {"uv": [4.75, 13.25, 5, 14.75], "texture": "#0"},
				"up": {"uv": [4.75, 13.25, 4.95, 13.5], "rotation": 180, "texture": "#0"},
				"down": {"uv": [4.75, 14.5, 4.95, 14.75], "rotation": 180, "texture": "#0"}
			}
		},
		{
			"from": [13, 6, 30],
			"to": [31, 10, 31],
			"faces": {
				"east": {"uv": [11.5, 13.5, 11.75, 14.5], "texture": "#0"},
				"south": {"uv": [7.25, 13.5, 11.75, 14.5], "texture": "#0"},
				"up": {"uv": [7.25, 13.5, 11.75, 13.75], "texture": "#0"},
				"down": {"uv": [7.25, 14.25, 11.75, 14.5], "texture": "#0"}
			}
		},
		{
			"from": [12, 5, 30],
			"to": [13, 11, 31],
			"faces": {
				"east": {"uv": [7, 13.25, 7.2, 14.75], "texture": "#0"},
				"south": {"uv": [7, 13.25, 7.2, 14.75], "texture": "#0"},
				"up": {"uv": [7, 13.25, 7.2, 13.5], "rotation": 180, "texture": "#0"},
				"down": {"uv": [7, 14.5, 7.2, 14.75], "rotation": 180, "texture": "#0"}
			}
		},
		{
			"from": [5, 0, 30],
			"to": [11, 2, 31],
			"faces": {
				"east": {"uv": [6.5, 15.5, 6.7, 16], "texture": "#0"},
				"south": {"uv": [5.25, 15.5, 6.7, 16], "texture": "#0"},
				"west": {"uv": [5.25, 15.5, 5.5, 16], "texture": "#0"},
				"up": {"uv": [5.25, 15.5, 6.75, 15.75], "rotation": 180, "texture": "#0"},
				"down": {"uv": [5.25, 15.75, 6.75, 16], "rotation": 180, "texture": "#0"}
			}
		},
		{
			"from": [6, 2, 30],
			"to": [10, 4, 31],
			"faces": {
				"east": {"uv": [6.25, 15, 6.45, 15.5], "texture": "#0"},
				"south": {"uv": [5.5, 15, 6.45, 15.5], "texture": "#0"},
				"west": {"uv": [5.5, 15, 5.75, 15.5], "texture": "#0"}
			}
		},
		{
			"from": [-15, 6, -14],
			"to": [-14, 10, 3],
			"faces": {
				"north": {"uv": [0.25, 13.5, 0.5, 14.5], "texture": "#0"},
				"west": {"uv": [0.5, 13.5, 4.75, 14.5], "texture": "#0"},
				"up": {"uv": [0.5, 13.5, 4.75, 13.75], "rotation": 90, "texture": "#0"},
				"down": {"uv": [0.5, 14.25, 4.75, 14.5], "rotation": 270, "texture": "#0"}
			}
		},
		{
			"from": [-16, 4, 4],
			"to": [-14, 12, 12],
			"faces": {
				"north": {"uv": [12.75, 12.75, 14.75, 13.25], "rotation": 90, "texture": "#0"},
				"south": {"uv": [12.75, 12.75, 14.75, 13.25], "rotation": 90, "texture": "#0"},
				"west": {"uv": [5, 13, 7, 15], "texture": "#0"},
				"up": {"uv": [12.75, 12.75, 14.75, 13.25], "rotation": 270, "texture": "#0"},
				"down": {"uv": [12.75, 12.75, 14.75, 13.25], "rotation": 90, "texture": "#0"}
			}
		},
		{
			"from": [-15, 5, 3],
			"to": [-14, 11, 4],
			"faces": {
				"north": {"uv": [4.75, 13.25, 5, 14.75], "texture": "#0"},
				"west": {"uv": [4.75, 13.25, 4.95, 14.75], "texture": "#0"},
				"up": {"uv": [4.75, 13.25, 4.95, 13.5], "rotation": 270, "texture": "#0"},
				"down": {"uv": [4.75, 14.5, 4.95, 14.75], "rotation": 90, "texture": "#0"}
			}
		},
		{
			"from": [-15, 6, 13],
			"to": [-14, 10, 30],
			"faces": {
				"south": {"uv": [11.5, 13.5, 11.75, 14.5], "texture": "#0"},
				"west": {"uv": [7.25, 13.5, 11.5, 14.5], "texture": "#0"},
				"up": {"uv": [7.25, 13.5, 11.5, 13.75], "rotation": 90, "texture": "#0"},
				"down": {"uv": [7.25, 14.25, 11.5, 14.5], "rotation": 270, "texture": "#0"}
			}
		},
		{
			"from": [-15, 5, 12],
			"to": [-14, 11, 13],
			"faces": {
				"south": {"uv": [7, 13.25, 7.2, 14.75], "texture": "#0"},
				"west": {"uv": [7, 13.25, 7.2, 14.75], "texture": "#0"},
				"up": {"uv": [7, 13.25, 7.2, 13.5], "rotation": 270, "texture": "#0"},
				"down": {"uv": [7, 14.5, 7.2, 14.75], "rotation": 90, "texture": "#0"}
			}
		},
		{
			"from": [30, 0, 5],
			"to": [31, 2, 11],
			"faces": {
				"north": {"uv": [6.5, 15.5, 6.7, 16], "texture": "#0"},
				"east": {"uv": [5.25, 15.5, 6.7, 16], "texture": "#0"},
				"south": {"uv": [5.25, 15.5, 5.5, 16], "texture": "#0"},
				"up": {"uv": [5.25, 15.5, 6.75, 15.75], "rotation": 90, "texture": "#0"},
				"down": {"uv": [5.25, 15.75, 6.75, 16], "rotation": 270, "texture": "#0"}
			}
		},
		{
			"from": [30, 2, 6],
			"to": [31, 4, 10],
			"faces": {
				"north": {"uv": [6.25, 15, 6.45, 15.5], "texture": "#0"},
				"east": {"uv": [5.5, 15, 6.45, 15.5], "texture": "#0"},
				"south": {"uv": [5.5, 15, 5.75, 15.5], "texture": "#0"}
			}
		},
		{
			"from": [30, 6, 13],
			"to": [31, 10, 30],
			"faces": {
				"east": {"uv": [0.5, 13.5, 4.75, 14.5], "texture": "#0"},
				"south": {"uv": [0.25, 13.5, 0.5, 14.5], "texture": "#0"},
				"up": {"uv": [0.5, 13.5, 4.75, 13.75], "rotation": 270, "texture": "#0"},
				"down": {"uv": [0.5, 14.25, 4.75, 14.5], "rotation": 90, "texture": "#0"}
			}
		},
		{
			"from": [30, 4, 4],
			"to": [32, 12, 12],
			"faces": {
				"north": {"uv": [12.75, 12.75, 14.75, 13.25], "rotation": 90, "texture": "#0"},
				"east": {"uv": [5, 13, 7, 15], "texture": "#0"},
				"south": {"uv": [12.75, 12.75, 14.75, 13.25], "rotation": 90, "texture": "#0"},
				"up": {"uv": [12.75, 12.75, 14.75, 13.25], "rotation": 90, "texture": "#0"},
				"down": {"uv": [12.75, 12.75, 14.75, 13.25], "rotation": 270, "texture": "#0"}
			}
		},
		{
			"from": [30, 5, 12],
			"to": [31, 11, 13],
			"faces": {
				"east": {"uv": [4.75, 13.25, 4.95, 14.75], "texture": "#0"},
				"south": {"uv": [4.75, 13.25, 5, 14.75], "texture": "#0"},
				"up": {"uv": [4.75, 13.25, 4.95, 13.5], "rotation": 90, "texture": "#0"},
				"down": {"uv": [4.75, 14.5, 4.95, 14.75], "rotation": 270, "texture": "#0"}
			}
		},
		{
			"from": [30, 6, -14],
			"to": [31, 10, 3],
			"faces": {
				"north": {"uv": [11.5, 13.5, 11.75, 14.5], "texture": "#0"},
				"east": {"uv": [7.25, 13.5, 11.5, 14.5], "texture": "#0"},
				"up": {"uv": [7.25, 13.5, 11.5, 13.75], "rotation": 270, "texture": "#0"},
				"down": {"uv": [7.25, 14.25, 11.5, 14.5], "rotation": 90, "texture": "#0"}
			}
		},
		{
			"from": [30, 5, 3],
			"to": [31, 11, 4],
			"faces": {
				"north": {"uv": [7, 13.25, 7.2, 14.75], "texture": "#0"},
				"east": {"uv": [7, 13.25, 7.2, 14.75], "texture": "#0"},
				"up": {"uv": [7, 13.25, 7.2, 13.5], "rotation": 90, "texture": "#0"},
				"down": {"uv": [7, 14.5, 7.2, 14.75], "rotation": 270, "texture": "#0"}
			}
		},
		{
			"from": [-15, 2, 6],
			"to": [-14, 4, 10],
			"faces": {
				"north": {"uv": [5.5, 15, 5.75, 15.5], "texture": "#0"},
				"south": {"uv": [6.25, 15, 6.45, 15.5], "texture": "#0"},
				"west": {"uv": [5.5, 15, 6.45, 15.5], "texture": "#0"}
			}
		},
		{
			"from": [-15, 0, 5],
			"to": [-14, 2, 11],
			"faces": {
				"north": {"uv": [5.25, 15.5, 5.5, 16], "texture": "#0"},
				"south": {"uv": [6.5, 15.5, 6.7, 16], "texture": "#0"},
				"west": {"uv": [5.25, 15.5, 6.7, 16], "texture": "#0"},
				"up": {"uv": [5.25, 15.5, 6.75, 15.75], "rotation": 270, "texture": "#0"},
				"down": {"uv": [5.25, 15.75, 6.75, 16], "rotation": 90, "texture": "#0"}
			}
		},
		{
			"from": [26, 16, -14],
			"to": [30, 32, 30],
			"faces": {
				"north": {"uv": [0.5, 8, 1.5, 12], "texture": "#0"},
				"east": {"uv": [0.5, 8, 11.5, 12], "texture": "#0"},
				"south": {"uv": [10.5, 8, 11.5, 12], "texture": "#0"},
				"west": {"uv": [0, 12, 11, 16], "texture": "#1"}
			}
		},
		{
			"from": [-14, 16, -14],
			"to": [-10, 32, 30],
			"faces": {
				"north": {"uv": [10.5, 8, 11.5, 12], "texture": "#0"},
				"east": {"uv": [0, 12, 11, 16], "texture": "#1"},
				"south": {"uv": [0.5, 8, 1.5, 12], "texture": "#0"},
				"west": {"uv": [0.5, 8, 11.5, 12], "texture": "#0"}
			}
		},
		{
			"from": [-10, 16, -14],
			"to": [26, 32, -10],
			"faces": {
				"north": {"uv": [1.5, 8, 10.5, 12], "texture": "#0"},
				"south": {"uv": [1, 12, 10, 16], "texture": "#1"}
			}
		},
		{
			"from": [-10, 16, 26],
			"to": [26, 32, 30],
			"faces": {
				"north": {"uv": [1, 12, 10, 16], "texture": "#1"},
				"south": {"uv": [1.5, 8, 10.5, 12], "texture": "#0"}
			}
		},
		{
			"from": [-10, 16, 0],
			"to": [26, 32, 16],
			"faces": {
				"east": {"uv": [0, 0, 16, 16], "texture": "#3"},
				"west": {"uv": [0, 0, 16, 16], "texture": "#3"}
			}
		},
		{
			"from": [0, 16, 16],
			"to": [16, 32, 26],
			"faces": {
				"south": {"uv": [0, 0, 16, 16], "texture": "#3"}
			}
		},
		{
			"from": [0, 16, -10],
			"to": [16, 32, 0],
			"faces": {
				"north": {"uv": [0, 0, 16, 16], "texture": "#3"}
			}
		},
		{
			"from": [-10, 16, -10],
			"to": [0, 32, 0],
			"faces": {
				"north": {"uv": [0, 0, 10, 16], "texture": "#3"},
				"west": {"uv": [6, 0, 16, 16], "texture": "#3"}
			}
		},
		{
			"from": [-10, 16, 16],
			"to": [0, 32, 26],
			"faces": {
				"south": {"uv": [6, 0, 16, 16], "texture": "#3"},
				"west": {"uv": [0, 0, 10, 16], "texture": "#3"}
			}
		},
		{
			"from": [16, 16, 16],
			"to": [26, 32, 26],
			"faces": {
				"east": {"uv": [6, 0, 16, 16], "texture": "#3"},
				"south": {"uv": [0, 0, 10, 16], "texture": "#3"}
			}
		},
		{
			"from": [16, 16, -10],
			"to": [26, 32, 0],
			"faces": {
				"north": {"uv": [6, 0, 16, 16], "texture": "#3"},
				"east": {"uv": [0, 0, 10, 16], "texture": "#3"}
			}
		}
	],
	"groups": [0,
		{
			"name": "north_pipes",
			"children": [1, 2, 3, 4, 5, 6, 7]
		},
		{
			"name": "south_pipes",
			"children": [8, 9, 10, 11, 12, 13, 14]
		},
		{
			"name": "west_pipes",
			"children": [15, 16, 17, 18, 19, 20, 21]
		},
		{
			"name": "east_pipes",
			"children": [22, 23, 24, 25, 26, 27, 28]
		},
		{
			"name": "glass",
			"children": [29, 30, 31, 32]
		},
		{
			"name": "water",
			"children": [33, 34, 35, 36, 37, 38, 39]
		}
	]
}