{
	"credit": "Made with Blockbench",
	"textures": {
		"0": "isorropia:blocks/vat_side",
		"1": "isorropia:blocks/vat_misc",
		"3": "minecraft:blocks/water_still",
		"4": "isorropia:blocks/vat_top",
		"particle": "isorropia:blocks/vat_side"
	},
	"elements": [
		{
			"from": [-14, 0, -14],
			"to": [30, 16, 30],
			"faces": {
				"north": {"uv": [0.5, 0, 11.5, 4], "texture": "#0"},
				"east": {"uv": [0.5, 0, 11.5, 4], "texture": "#0"},
				"south": {"uv": [0.5, 0, 11.5, 4], "texture": "#0"},
				"west": {"uv": [0.5, 0, 11.5, 4], "texture": "#0"},
				"up": {"uv": [0.5, 0.5, 11.5, 11.5], "texture": "#4"},
				"down": {"uv": [0, 0, 11, 11], "texture": "#1"}
			}
		},
		{
			"from": [17, 6, -15],
			"to": [31, 10, -14],
			"faces": {
				"north": {"uv": [0.25, 1.5, 3.75, 2.5], "texture": "#0"},
				"east": {"uv": [11.5, 1.5, 11.75, 2.5], "texture": "#0"},
				"up": {"uv": [0.25, 1.5, 3.75, 1.75], "rotation": 180, "texture": "#0"},
				"down": {"uv": [0.25, 2.25, 3.75, 2.5], "rotation": 180, "texture": "#0"}
			}
		},
		{
			"from": [2, 2, -16],
			"to": [3, 14, -14],
			"faces": {
				"north": {"uv": [7.25, 0.5, 7.5, 3.5], "texture": "#0"},
				"east": {"uv": [14.75, 3.5, 15.25, 6.5], "texture": "#0"},
				"west": {"uv": [14.75, 3.5, 15.25, 6.5], "texture": "#0"},
				"up": {"uv": [15, 2.75, 15.25, 3.25], "texture": "#0"},
				"down": {"uv": [15, 2.75, 15.25, 3.25], "texture": "#0"}
			}
		},
		{
			"from": [14, 4, -15],
			"to": [17, 12, -14],
			"faces": {
				"north": {"uv": [3.75, 1, 4.45, 3], "texture": "#0"},
				"east": {"uv": [3.75, 1, 4, 3], "texture": "#0"},
				"up": {"uv": [3.75, 1, 4.45, 1.25], "texture": "#0"},
				"down": {"uv": [3.75, 2.75, 4.45, 3], "texture": "#0"}
			}
		},
		{
			"from": [-15, 6, -15],
			"to": [-1, 10, -14],
			"faces": {
				"north": {"uv": [8.25, 1.5, 11.75, 2.5], "texture": "#0"},
				"west": {"uv": [0.25, 1.5, 0.5, 2.5], "texture": "#0"},
				"up": {"uv": [8.25, 1.5, 11.75, 1.75], "rotation": 180, "texture": "#0"},
				"down": {"uv": [8.25, 2.25, 11.75, 2.5], "rotation": 180, "texture": "#0"}
			}
		},
		{
			"from": [-1, 4, -15],
			"to": [2, 12, -14],
			"faces": {
				"north": {"uv": [7.5, 1, 8.2, 3], "texture": "#0"},
				"west": {"uv": [7.5, 1, 7.7, 3], "texture": "#0"},
				"up": {"uv": [7.5, 1, 8.2, 1.25], "texture": "#0"},
				"down": {"uv": [7.5, 2.75, 8.2, 3], "texture": "#0"}
			}
		},
		{
			"from": [13, 2, -16],
			"to": [14, 14, -14],
			"faces": {
				"north": {"uv": [4.5, 0.5, 4.75, 3.5], "texture": "#0"},
				"east": {"uv": [14.75, 3.5, 15.25, 6.5], "texture": "#0"},
				"west": {"uv": [14.75, 3.5, 15.25, 6.5], "texture": "#0"},
				"up": {"uv": [12.25, 2.75, 12.5, 3.25], "texture": "#0"},
				"down": {"uv": [12.25, 2.75, 12.5, 3.25], "texture": "#0"}
			}
		},
		{
			"from": [3, 13, -16],
			"to": [13, 14, -14],
			"faces": {
				"north": {"uv": [4.75, 0.5, 7.25, 0.75], "texture": "#0"},
				"up": {"uv": [12.5, 2.75, 15, 3.25], "texture": "#0"},
				"down": {"uv": [12.5, 2.75, 15, 3.25], "texture": "#0"}
			}
		},
		{
			"from": [3, 2, -16],
			"to": [13, 3, -14],
			"faces": {
				"north": {"uv": [4.75, 3.25, 7.25, 3.5], "texture": "#0"},
				"up": {"uv": [12.5, 2.75, 15, 3.25], "texture": "#0"},
				"down": {"uv": [12.5, 2.75, 15, 3.25], "texture": "#0"}
			}
		},
		{
			"from": [3, 3, -15],
			"to": [13, 13, -14],
			"faces": {
				"north": {"uv": [4.75, 0.75, 7.25, 3.25], "texture": "#0"}
			}
		},
		{
			"from": [-15, 6, 30],
			"to": [-1, 10, 31],
			"faces": {
				"south": {"uv": [0.25, 1.5, 3.75, 2.5], "texture": "#0"},
				"west": {"uv": [11.5, 1.5, 11.75, 2.5], "texture": "#0"},
				"up": {"uv": [0.25, 1.5, 3.75, 1.75], "texture": "#0"},
				"down": {"uv": [0.25, 2.25, 3.75, 2.5], "texture": "#0"}
			}
		},
		{
			"from": [13, 2, 30],
			"to": [14, 14, 32],
			"faces": {
				"east": {"uv": [14.75, 3.5, 15.25, 6.5], "texture": "#0"},
				"south": {"uv": [7.25, 0.5, 7.5, 3.5], "texture": "#0"},
				"west": {"uv": [14.75, 3.5, 15.25, 6.5], "texture": "#0"},
				"up": {"uv": [15, 2.75, 15.25, 3.25], "rotation": 180, "texture": "#0"},
				"down": {"uv": [15, 2.75, 15.25, 3.25], "rotation": 180, "texture": "#0"}
			}
		},
		{
			"from": [-1, 4, 30],
			"to": [2, 12, 31],
			"faces": {
				"south": {"uv": [3.75, 1, 4.45, 3], "texture": "#0"},
				"west": {"uv": [3.75, 1, 4, 3], "texture": "#0"},
				"up": {"uv": [3.75, 1, 4.45, 1.25], "rotation": 180, "texture": "#0"},
				"down": {"uv": [3.75, 2.75, 4.45, 3], "rotation": 180, "texture": "#0"}
			}
		},
		{
			"from": [17, 6, 30],
			"to": [31, 10, 31],
			"faces": {
				"east": {"uv": [0.25, 1.5, 0.5, 2.5], "texture": "#0"},
				"south": {"uv": [8.25, 1.5, 11.75, 2.5], "texture": "#0"},
				"up": {"uv": [8.25, 1.5, 11.75, 1.75], "texture": "#0"},
				"down": {"uv": [8.25, 2.25, 11.75, 2.5], "texture": "#0"}
			}
		},
		{
			"from": [14, 4, 30],
			"to": [17, 12, 31],
			"faces": {
				"east": {"uv": [7.5, 1, 7.7, 3], "texture": "#0"},
				"south": {"uv": [7.5, 1, 8.2, 3], "texture": "#0"},
				"up": {"uv": [7.5, 1, 8.2, 1.25], "rotation": 180, "texture": "#0"},
				"down": {"uv": [7.5, 2.75, 8.2, 3], "rotation": 180, "texture": "#0"}
			}
		},
		{
			"from": [2, 2, 30],
			"to": [3, 14, 32],
			"faces": {
				"east": {"uv": [14.75, 3.5, 15.25, 6.5], "texture": "#0"},
				"south": {"uv": [4.5, 0.5, 4.75, 3.5], "texture": "#0"},
				"west": {"uv": [14.75, 3.5, 15.25, 6.5], "texture": "#0"},
				"up": {"uv": [12.25, 2.75, 12.5, 3.25], "rotation": 180, "texture": "#0"},
				"down": {"uv": [12.25, 2.75, 12.5, 3.25], "rotation": 180, "texture": "#0"}
			}
		},
		{
			"from": [3, 13, 30],
			"to": [13, 14, 32],
			"faces": {
				"south": {"uv": [4.75, 0.5, 7.25, 0.75], "texture": "#0"},
				"up": {"uv": [12.5, 2.75, 15, 3.25], "rotation": 180, "texture": "#0"},
				"down": {"uv": [12.5, 2.75, 15, 3.25], "rotation": 180, "texture": "#0"}
			}
		},
		{
			"from": [3, 2, 30],
			"to": [13, 3, 32],
			"faces": {
				"south": {"uv": [4.75, 3.25, 7.25, 3.5], "texture": "#0"},
				"up": {"uv": [12.5, 2.75, 15, 3.25], "rotation": 180, "texture": "#0"},
				"down": {"uv": [12.5, 2.75, 15, 3.25], "rotation": 180, "texture": "#0"}
			}
		},
		{
			"from": [3, 3, 30],
			"to": [13, 13, 31],
			"faces": {
				"south": {"uv": [4.75, 0.75, 7.25, 3.25], "texture": "#0"}
			}
		},
		{
			"from": [-15, 6, -14],
			"to": [-14, 10, -1],
			"faces": {
				"north": {"uv": [0.25, 1.5, 0.5, 2.5], "texture": "#0"},
				"west": {"uv": [0.5, 1.5, 3.75, 2.5], "texture": "#0"},
				"up": {"uv": [0.25, 1.5, 3.75, 1.75], "rotation": 90, "texture": "#0"},
				"down": {"uv": [0.25, 2.25, 3.75, 2.5], "rotation": 270, "texture": "#0"}
			}
		},
		{
			"from": [-16, 2, 13],
			"to": [-14, 14, 14],
			"faces": {
				"north": {"uv": [14.75, 3.5, 15.25, 6.5], "texture": "#0"},
				"south": {"uv": [14.75, 3.5, 15.25, 6.5], "texture": "#0"},
				"west": {"uv": [7.25, 0.5, 7.5, 3.5], "texture": "#0"},
				"up": {"uv": [15, 2.75, 15.25, 3.25], "rotation": 270, "texture": "#0"},
				"down": {"uv": [15, 2.75, 15.25, 3.25], "rotation": 90, "texture": "#0"}
			}
		},
		{
			"from": [-15, 4, -1],
			"to": [-14, 12, 2],
			"faces": {
				"north": {"uv": [3.75, 1, 4, 3], "texture": "#0"},
				"west": {"uv": [3.75, 1, 4.45, 3], "texture": "#0"},
				"up": {"uv": [3.75, 1, 4.45, 1.25], "rotation": 270, "texture": "#0"},
				"down": {"uv": [3.75, 2.75, 4.45, 3], "rotation": 90, "texture": "#0"}
			}
		},
		{
			"from": [-15, 6, 17],
			"to": [-14, 10, 30],
			"faces": {
				"south": {"uv": [11.5, 1.5, 11.75, 2.5], "texture": "#0"},
				"west": {"uv": [8.25, 1.5, 11.5, 2.5], "texture": "#0"},
				"up": {"uv": [8.25, 1.5, 11.75, 1.75], "rotation": 90, "texture": "#0"},
				"down": {"uv": [8.25, 2.25, 11.75, 2.5], "rotation": 270, "texture": "#0"}
			}
		},
		{
			"from": [-15, 4, 14],
			"to": [-14, 12, 17],
			"faces": {
				"south": {"uv": [7.5, 1, 7.7, 3], "texture": "#0"},
				"west": {"uv": [7.5, 1, 8.2, 3], "texture": "#0"},
				"up": {"uv": [7.5, 1, 8.2, 1.25], "rotation": 270, "texture": "#0"},
				"down": {"uv": [7.5, 2.75, 8.2, 3], "rotation": 90, "texture": "#0"}
			}
		},
		{
			"from": [-16, 2, 2],
			"to": [-14, 14, 3],
			"faces": {
				"north": {"uv": [14.75, 3.5, 15.25, 6.5], "texture": "#0"},
				"south": {"uv": [14.75, 3.5, 15.25, 6.5], "texture": "#0"},
				"west": {"uv": [4.5, 0.5, 4.75, 3.5], "texture": "#0"},
				"up": {"uv": [12.25, 2.75, 12.5, 3.25], "rotation": 270, "texture": "#0"},
				"down": {"uv": [12.25, 2.75, 12.5, 3.25], "rotation": 90, "texture": "#0"}
			}
		},
		{
			"from": [-16, 13, 3],
			"to": [-14, 14, 13],
			"faces": {
				"west": {"uv": [4.75, 0.5, 7.25, 0.75], "texture": "#0"},
				"up": {"uv": [12.5, 2.75, 15, 3.25], "rotation": 270, "texture": "#0"},
				"down": {"uv": [12.5, 2.75, 15, 3.25], "rotation": 90, "texture": "#0"}
			}
		},
		{
			"from": [-16, 2, 3],
			"to": [-14, 3, 13],
			"faces": {
				"west": {"uv": [4.75, 3.25, 7.25, 3.5], "texture": "#0"},
				"up": {"uv": [12.5, 2.75, 15, 3.25], "rotation": 270, "texture": "#0"},
				"down": {"uv": [12.5, 2.75, 15, 3.25], "rotation": 90, "texture": "#0"}
			}
		},
		{
			"from": [-15, 3, 3],
			"to": [-14, 13, 13],
			"faces": {
				"west": {"uv": [4.75, 0.75, 7.25, 3.25], "texture": "#0"}
			}
		},
		{
			"from": [30, 6, 17],
			"to": [31, 10, 30],
			"faces": {
				"east": {"uv": [0.5, 1.5, 3.75, 2.5], "texture": "#0"},
				"south": {"uv": [0.25, 1.5, 0.5, 2.5], "texture": "#0"},
				"up": {"uv": [0.25, 1.5, 3.75, 1.75], "rotation": 270, "texture": "#0"},
				"down": {"uv": [0.25, 2.25, 3.75, 2.5], "rotation": 90, "texture": "#0"}
			}
		},
		{
			"from": [30, 2, 2],
			"to": [32, 14, 3],
			"faces": {
				"north": {"uv": [14.75, 3.5, 15.25, 6.5], "texture": "#0"},
				"east": {"uv": [7.25, 0.5, 7.5, 3.5], "texture": "#0"},
				"south": {"uv": [14.75, 3.5, 15.25, 6.5], "texture": "#0"},
				"up": {"uv": [15, 2.75, 15.25, 3.25], "rotation": 90, "texture": "#0"},
				"down": {"uv": [15, 2.75, 15.25, 3.25], "rotation": 270, "texture": "#0"}
			}
		},
		{
			"from": [30, 4, 14],
			"to": [31, 12, 17],
			"faces": {
				"east": {"uv": [3.75, 1, 4.45, 3], "texture": "#0"},
				"south": {"uv": [3.75, 1, 4, 3], "texture": "#0"},
				"up": {"uv": [3.75, 1, 4.45, 1.25], "rotation": 90, "texture": "#0"},
				"down": {"uv": [3.75, 2.75, 4.45, 3], "rotation": 270, "texture": "#0"}
			}
		},
		{
			"from": [30, 6, -14],
			"to": [31, 10, -1],
			"faces": {
				"north": {"uv": [11.5, 1.5, 11.75, 2.5], "texture": "#0"},
				"east": {"uv": [8.25, 1.5, 11.5, 2.5], "texture": "#0"},
				"up": {"uv": [8.25, 1.5, 11.75, 1.75], "rotation": 270, "texture": "#0"},
				"down": {"uv": [8.25, 2.25, 11.75, 2.5], "rotation": 90, "texture": "#0"}
			}
		},
		{
			"from": [30, 4, -1],
			"to": [31, 12, 2],
			"faces": {
				"north": {"uv": [7.5, 1, 7.7, 3], "texture": "#0"},
				"east": {"uv": [7.5, 1, 8.2, 3], "texture": "#0"},
				"up": {"uv": [7.5, 1, 8.2, 1.25], "rotation": 90, "texture": "#0"},
				"down": {"uv": [7.5, 2.75, 8.2, 3], "rotation": 270, "texture": "#0"}
			}
		},
		{
			"from": [30, 2, 13],
			"to": [32, 14, 14],
			"faces": {
				"north": {"uv": [14.75, 3.5, 15.25, 6.5], "texture": "#0"},
				"east": {"uv": [4.5, 0.5, 4.75, 3.5], "texture": "#0"},
				"south": {"uv": [14.75, 3.5, 15.25, 6.5], "texture": "#0"},
				"up": {"uv": [12.25, 2.75, 12.5, 3.25], "rotation": 90, "texture": "#0"},
				"down": {"uv": [12.25, 2.75, 12.5, 3.25], "rotation": 270, "texture": "#0"}
			}
		},
		{
			"from": [30, 13, 3],
			"to": [32, 14, 13],
			"faces": {
				"east": {"uv": [4.75, 0.5, 7.25, 0.75], "texture": "#0"},
				"up": {"uv": [12.5, 2.75, 15, 3.25], "rotation": 90, "texture": "#0"},
				"down": {"uv": [12.5, 2.75, 15, 3.25], "rotation": 270, "texture": "#0"}
			}
		},
		{
			"from": [30, 2, 3],
			"to": [32, 3, 13],
			"faces": {
				"east": {"uv": [4.75, 3.25, 7.25, 3.5], "texture": "#0"},
				"up": {"uv": [12.5, 2.75, 15, 3.25], "rotation": 90, "texture": "#0"},
				"down": {"uv": [12.5, 2.75, 15, 3.25], "rotation": 270, "texture": "#0"}
			}
		},
		{
			"from": [30, 3, 3],
			"to": [31, 13, 13],
			"faces": {
				"east": {"uv": [4.75, 0.75, 7.25, 3.25], "texture": "#0"}
			}
		},
		{
			"from": [26, -16, -14],
			"to": [30, 0, 30],
			"faces": {
				"north": {"uv": [0.5, 4, 1.5, 8], "texture": "#0"},
				"east": {"uv": [0.5, 4, 11.5, 8], "texture": "#0"},
				"south": {"uv": [10.5, 4, 11.5, 8], "texture": "#0"},
				"west": {"uv": [11.25, 0, 15.25, 11], "rotation": 90, "texture": "#1"}
			}
		},
		{
			"from": [-14, -16, -14],
			"to": [-10, 0, 30],
			"faces": {
				"north": {"uv": [10.5, 4, 11.5, 8], "texture": "#0"},
				"east": {"uv": [11.25, 0, 15.25, 11], "rotation": 90, "texture": "#1"},
				"south": {"uv": [0.5, 4, 1.5, 8], "texture": "#0"},
				"west": {"uv": [0.5, 4, 11.5, 8], "texture": "#0"}
			}
		},
		{
			"from": [-10, -16, -14],
			"to": [26, 0, -10],
			"faces": {
				"north": {"uv": [1.5, 4, 10.5, 8], "texture": "#0"},
				"south": {"uv": [11.25, 1, 15.25, 10], "rotation": 90, "texture": "#1"}
			}
		},
		{
			"from": [-10, -16, 26],
			"to": [26, 0, 30],
			"faces": {
				"north": {"uv": [11.25, 1, 15.25, 10], "rotation": 90, "texture": "#1"},
				"south": {"uv": [1.5, 4, 10.5, 8], "texture": "#0"}
			}
		},
		{
			"from": [-10, -16, 0],
			"to": [26, 0, 16],
			"faces": {
				"east": {"uv": [0, 0, 16, 16], "texture": "#3"},
				"west": {"uv": [0, 0, 16, 16], "texture": "#3"}
			}
		},
		{
			"from": [0, -16, 16],
			"to": [16, 0, 26],
			"faces": {
				"south": {"uv": [0, 0, 16, 16], "texture": "#3"}
			}
		},
		{
			"from": [0, -16, -10],
			"to": [16, 0, 0],
			"faces": {
				"north": {"uv": [0, 0, 16, 16], "texture": "#3"}
			}
		},
		{
			"from": [-10, -16, -10],
			"to": [0, 0, 0],
			"faces": {
				"north": {"uv": [0, 0, 10, 16], "texture": "#3"},
				"west": {"uv": [6, 0, 16, 16], "texture": "#3"}
			}
		},
		{
			"from": [-10, -16, 16],
			"to": [0, 0, 26],
			"faces": {
				"south": {"uv": [6, 0, 16, 16], "texture": "#3"},
				"west": {"uv": [0, 0, 10, 16], "texture": "#3"}
			}
		},
		{
			"from": [16, -16, 16],
			"to": [26, 0, 26],
			"faces": {
				"east": {"uv": [6, 0, 16, 16], "texture": "#3"},
				"south": {"uv": [0, 0, 10, 16], "texture": "#3"}
			}
		},
		{
			"from": [16, -16, -10],
			"to": [26, 0, 0],
			"faces": {
				"north": {"uv": [6, 0, 16, 16], "texture": "#3"},
				"east": {"uv": [0, 0, 10, 16], "texture": "#3"}
			}
		}
	],
	"groups": [0,
		{
			"name": "north_pipes",
			"children": [1, 2, 3, 4, 5, 6, 7, 8, 9]
		},
		{
			"name": "south_pipes",
			"children": [10, 11, 12, 13, 14, 15, 16, 17, 18]
		},
		{
			"name": "west_pipes",
			"children": [19, 20, 21, 22, 23, 24, 25, 26, 27]
		},
		{
			"name": "east_pipes",
			"children": [28, 29, 30, 31, 32, 33, 34, 35, 36]
		},
		{
			"name": "glass",
			"children": [37, 38, 39, 40]
		},
		{
			"name": "water",
			"children": [41, 42, 43, 44, 45, 46, 47]
		}
	]
}