{
  "fr/wind_blade/isorropia/Isorropia": {
    "name": "fr/wind_blade/isorropia/Isorropia",
    "annotations": [
      {
        "type": "CLASS",
        "name": "Lnet/minecraftforge/fml/common/Mod$EventBusSubscriber;",
        "target": "fr/wind_blade/isorropia/Isorropia"
      },
      {
        "type": "CLASS",
        "name": "Lnet/minecraftforge/fml/common/Mod;",
        "target": "fr/wind_blade/isorropia/Isorropia",
        "values": {
          "acceptedMinecraftVersions": {
            "value": "[1.12.2]"
          },
          "dependencies": {
            "value": "required-after:thaumcraft@[6.1.BETA26]"
          },
          "modid": {
            "value": "isorropia"
          },
          "name": {
            "value": "isorropia"
          },
          "version": {
            "value": "0.1.13"
          }
        }
      },
      {
        "type": "FIELD",
        "name": "Lnet/minecraftforge/fml/common/Mod$Instance;",
        "target": "instance",
        "value": {
          "value": "isorropia"
        }
      },
      {
        "type": "FIELD",
        "name": "Lnet/minecraftforge/fml/common/SidedProxy;",
        "target": "proxy",
        "values": {
          "clientSide": {
            "value": "fr.wind_blade.isorropia.client.Client"
          },
          "serverSide": {
            "value": "fr.wind_blade.isorropia.server.Server"
          }
        }
      },
      {
        "type": "METHOD",
        "name": "Lnet/minecraftforge/fml/common/Mod$EventHandler;",
        "target": "preInit(Lnet/minecraftforge/fml/common/event/FMLPreInitializationEvent;)V"
      },
      {
        "type": "METHOD",
        "name": "Lnet/minecraftforge/fml/common/Mod$EventHandler;",
        "target": "init(Lnet/minecraftforge/fml/common/event/FMLInitializationEvent;)V"
      },
      {
        "type": "METHOD",
        "name": "Lnet/minecraftforge/fml/common/Mod$EventHandler;",
        "target": "postInit(Lnet/minecraftforge/fml/common/event/FMLPostInitializationEvent;)V"
      }
    ]
  },
  "fr/wind_blade/isorropia/client/libs/RenderEventHandler": {
    "name": "fr/wind_blade/isorropia/client/libs/RenderEventHandler",
    "annotations": [
      {
        "type": "METHOD",
        "name": "Lnet/minecraftforge/fml/common/eventhandler/SubscribeEvent;",
        "target": "onModelBakeEvent(Lnet/minecraftforge/client/event/ModelBakeEvent;)V"
      },
      {
        "type": "METHOD",
        "name": "Lnet/minecraftforge/fml/common/eventhandler/SubscribeEvent;",
        "target": "onOverlay(Lnet/minecraftforge/client/event/RenderGameOverlayEvent$Pre;)V"
      },
      {
        "type": "METHOD",
        "name": "Lnet/minecraftforge/fml/common/eventhandler/SubscribeEvent;",
        "target": "onDrawGui(Lnet/minecraftforge/client/event/GuiScreenEvent$DrawScreenEvent;)V"
      },
      {
        "type": "METHOD",
        "name": "Lnet/minecraftforge/fml/common/eventhandler/SubscribeEvent;",
        "target": "onToolTip(Lnet/minecraftforge/event/entity/player/ItemTooltipEvent;)V"
      },
      {
        "type": "METHOD",
        "name": "Lnet/minecraftforge/fml/common/eventhandler/SubscribeEvent;",
        "target": "renderLast(Lnet/minecraftforge/client/event/RenderWorldLastEvent;)V"
      },
      {
        "type": "METHOD",
        "name": "Lnet/minecraftforge/fml/common/eventhandler/SubscribeEvent;",
        "target": "renderPlayerEvent(Lnet/minecraftforge/client/event/RenderHandEvent;)V"
      },
      {
        "type": "METHOD",
        "name": "Lnet/minecraftforge/fml/common/eventhandler/SubscribeEvent;",
        "target": "preRenderLiving(Lnet/minecraftforge/client/event/RenderLivingEvent$Pre;)V"
      },
      {
        "type": "METHOD",
        "name": "Lnet/minecraftforge/fml/common/eventhandler/SubscribeEvent;",
        "target": "postRenderLiving(Lnet/minecraftforge/client/event/RenderLivingEvent$Post;)V"
      }
    ]
  },
  "fr/wind_blade/isorropia/client/model/DynamicStaticModel": {
    "name": "fr/wind_blade/isorropia/client/model/DynamicStaticModel",
    "interfaces": [
      "net/minecraft/client/renderer/block/model/IBakedModel"
    ]
  },
  "fr/wind_blade/isorropia/client/renderer/entities/RenderJellyRabbit$LayerRabbitJelly": {
    "name": "fr/wind_blade/isorropia/client/renderer/entities/RenderJellyRabbit$LayerRabbitJelly",
    "interfaces": [
      "net/minecraft/client/renderer/entity/layers/LayerRenderer"
    ]
  },
  "fr/wind_blade/isorropia/client/renderer/entities/layers/LayerSheederWool": {
    "name": "fr/wind_blade/isorropia/client/renderer/entities/layers/LayerSheederWool",
    "interfaces": [
      "net/minecraft/client/renderer/entity/layers/LayerRenderer"
    ]
  },
  "fr/wind_blade/isorropia/client/renderer/entities/layers/LayerTaintPigBorder": {
    "name": "fr/wind_blade/isorropia/client/renderer/entities/layers/LayerTaintPigBorder",
    "interfaces": [
      "net/minecraft/client/renderer/entity/layers/LayerRenderer"
    ]
  },
  "fr/wind_blade/isorropia/common/Common": {
    "name": "fr/wind_blade/isorropia/common/Common",
    "annotations": [
      {
        "type": "FIELD",
        "name": "Lnet/minecraftforge/common/capabilities/CapabilityInject;",
        "target": "LIVING_BASE_CAPABILITY",
        "value": {
          "type": "CLASS",
          "value": "Lfr/wind_blade/isorropia/common/capabilities/LivingBaseCapability;"
        }
      },
      {
        "type": "FIELD",
        "name": "Lnet/minecraftforge/common/capabilities/CapabilityInject;",
        "target": "LIVING_CAPABILITY",
        "value": {
          "type": "CLASS",
          "value": "Lfr/wind_blade/isorropia/common/capabilities/LivingCapability;"
        }
      }
    ]
  },
  "fr/wind_blade/isorropia/common/blocks/BlockCelestialMagnet": {
    "name": "fr/wind_blade/isorropia/common/blocks/BlockCelestialMagnet",
    "interfaces": [
      "net/minecraft/block/ITileEntityProvider",
      "thaumcraft/api/blocks/ILabelable"
    ]
  },
  "fr/wind_blade/isorropia/common/blocks/BlockCurativeVat": {
    "name": "fr/wind_blade/isorropia/common/blocks/BlockCurativeVat",
    "interfaces": [
      "net/minecraft/block/ITileEntityProvider",
      "fr/wind_blade/isorropia/common/blocks/IBlockRegistry"
    ]
  },
  "fr/wind_blade/isorropia/common/blocks/BlockCurativeVat$Type": {
    "name": "fr/wind_blade/isorropia/common/blocks/BlockCurativeVat$Type",
    "interfaces": [
      "net/minecraft/util/IStringSerializable"
    ]
  },
  "fr/wind_blade/isorropia/common/blocks/BlockJarSoul": {
    "name": "fr/wind_blade/isorropia/common/blocks/BlockJarSoul",
    "interfaces": [
      "fr/wind_blade/isorropia/common/blocks/IItemBlockProvider"
    ]
  },
  "fr/wind_blade/isorropia/common/blocks/BlockJarSoulItem": {
    "name": "fr/wind_blade/isorropia/common/blocks/BlockJarSoulItem",
    "interfaces": [
      "fr/wind_blade/isorropia/common/blocks/IItemStackRenderProvider"
    ]
  },
  "fr/wind_blade/isorropia/common/blocks/BlockLiquidVat": {
    "name": "fr/wind_blade/isorropia/common/blocks/BlockLiquidVat",
    "interfaces": [
      "fr/wind_blade/isorropia/common/blocks/IBlockRegistry"
    ]
  },
  "fr/wind_blade/isorropia/common/blocks/BlockModifiedMatrix": {
    "name": "fr/wind_blade/isorropia/common/blocks/BlockModifiedMatrix",
    "interfaces": [
      "net/minecraft/block/ITileEntityProvider"
    ]
  },
  "fr/wind_blade/isorropia/common/blocks/BlockStatue": {
    "name": "fr/wind_blade/isorropia/common/blocks/BlockStatue",
    "interfaces": [
      "net/minecraft/block/ITileEntityProvider",
      "fr/wind_blade/isorropia/common/blocks/IItemBlockProvider"
    ]
  },
  "fr/wind_blade/isorropia/common/capabilities/LivingBaseCapability": {
    "name": "fr/wind_blade/isorropia/common/capabilities/LivingBaseCapability",
    "interfaces": [
      "net/minecraftforge/common/capabilities/ICapabilityProvider",
      "net/minecraftforge/common/util/INBTSerializable"
    ]
  },
  "fr/wind_blade/isorropia/common/capabilities/LivingBaseCapability$Factory": {
    "name": "fr/wind_blade/isorropia/common/capabilities/LivingBaseCapability$Factory",
    "interfaces": [
      "java/util/concurrent/Callable"
    ]
  },
  "fr/wind_blade/isorropia/common/capabilities/LivingBaseCapability$Storage": {
    "name": "fr/wind_blade/isorropia/common/capabilities/LivingBaseCapability$Storage",
    "interfaces": [
      "net/minecraftforge/common/capabilities/Capability$IStorage"
    ]
  },
  "fr/wind_blade/isorropia/common/capabilities/LivingCapability$Factory": {
    "name": "fr/wind_blade/isorropia/common/capabilities/LivingCapability$Factory",
    "interfaces": [
      "java/util/concurrent/Callable"
    ]
  },
  "fr/wind_blade/isorropia/common/capabilities/LivingCapability$Storage": {
    "name": "fr/wind_blade/isorropia/common/capabilities/LivingCapability$Storage",
    "interfaces": [
      "net/minecraftforge/common/capabilities/Capability$IStorage"
    ]
  },
  "fr/wind_blade/isorropia/common/celestial/CelestialBody": {
    "name": "fr/wind_blade/isorropia/common/celestial/CelestialBody",
    "interfaces": [
      "fr/wind_blade/isorropia/common/celestial/ICelestialBody"
    ]
  },
  "fr/wind_blade/isorropia/common/curative/CurativeEffects$DEATH_HEAL": {
    "name": "fr/wind_blade/isorropia/common/curative/CurativeEffects$DEATH_HEAL",
    "interfaces": [
      "fr/wind_blade/isorropia/common/curative/ICurativeEffectProvider"
    ]
  },
  "fr/wind_blade/isorropia/common/curative/CurativeEffects$HUNGER_FOOD": {
    "name": "fr/wind_blade/isorropia/common/curative/CurativeEffects$HUNGER_FOOD",
    "interfaces": [
      "fr/wind_blade/isorropia/common/curative/ICurativeEffectProvider"
    ]
  },
  "fr/wind_blade/isorropia/common/curative/CurativeEffects$IGNIS_CURE": {
    "name": "fr/wind_blade/isorropia/common/curative/CurativeEffects$IGNIS_CURE",
    "interfaces": [
      "fr/wind_blade/isorropia/common/curative/ICurativeEffectProvider"
    ]
  },
  "fr/wind_blade/isorropia/common/curative/CurativeEffects$LIFE_HEAL": {
    "name": "fr/wind_blade/isorropia/common/curative/CurativeEffects$LIFE_HEAL",
    "interfaces": [
      "fr/wind_blade/isorropia/common/curative/ICurativeEffectProvider"
    ]
  },
  "fr/wind_blade/isorropia/common/curative/CurativeEffects$UNDEAD_HEAL": {
    "name": "fr/wind_blade/isorropia/common/curative/CurativeEffects$UNDEAD_HEAL",
    "interfaces": [
      "fr/wind_blade/isorropia/common/curative/ICurativeEffectProvider"
    ]
  },
  "fr/wind_blade/isorropia/common/entities/EntityHangingLabel": {
    "name": "fr/wind_blade/isorropia/common/entities/EntityHangingLabel",
    "interfaces": [
      "net/minecraftforge/fml/common/registry/IEntityAdditionalSpawnData"
    ]
  },
  "fr/wind_blade/isorropia/common/entities/EntityJellyRabbit": {
    "name": "fr/wind_blade/isorropia/common/entities/EntityJellyRabbit",
    "interfaces": [
      "net/minecraftforge/common/IShearable"
    ]
  },
  "fr/wind_blade/isorropia/common/entities/EntityOrePig": {
    "name": "fr/wind_blade/isorropia/common/entities/EntityOrePig",
    "interfaces": [
      "fr/wind_blade/isorropia/common/entities/ai/IEatStone"
    ]
  },
  "fr/wind_blade/isorropia/common/entities/EntitySheeder": {
    "name": "fr/wind_blade/isorropia/common/entities/EntitySheeder",
    "interfaces": [
      "net/minecraftforge/common/IShearable"
    ]
  },
  "fr/wind_blade/isorropia/common/entities/ai/EntityAINearestUndeadAttackableTarget$Sorter": {
    "name": "fr/wind_blade/isorropia/common/entities/ai/EntityAINearestUndeadAttackableTarget$Sorter",
    "interfaces": [
      "java/util/Comparator"
    ]
  },
  "fr/wind_blade/isorropia/common/entities/projectile/EntityEmber": {
    "name": "fr/wind_blade/isorropia/common/entities/projectile/EntityEmber",
    "interfaces": [
      "net/minecraftforge/fml/common/registry/IEntityAdditionalSpawnData"
    ]
  },
  "fr/wind_blade/isorropia/common/events/EntityEventHandler": {
    "name": "fr/wind_blade/isorropia/common/events/EntityEventHandler",
    "annotations": [
      {
        "type": "METHOD",
        "name": "Lnet/minecraftforge/fml/common/eventhandler/SubscribeEvent;",
        "target": "playerTick(Lnet/minecraftforge/fml/common/gameevent/TickEvent$PlayerTickEvent;)V"
      },
      {
        "type": "METHOD",
        "name": "Lnet/minecraftforge/fml/common/eventhandler/SubscribeEvent;",
        "target": "onAttachCapability(Lnet/minecraftforge/event/AttachCapabilitiesEvent;)V"
      },
      {
        "type": "METHOD",
        "name": "Lnet/minecraftforge/fml/common/eventhandler/SubscribeEvent;",
        "target": "onRevealerRemoved(Lnet/minecraftforge/event/entity/living/LivingEquipmentChangeEvent;)V"
      },
      {
        "type": "METHOD",
        "name": "Lnet/minecraftforge/fml/common/eventhandler/SubscribeEvent;",
        "target": "onRevealerDestroy(Lnet/minecraftforge/event/entity/player/PlayerDestroyItemEvent;)V"
      },
      {
        "type": "METHOD",
        "name": "Lnet/minecraftforge/fml/common/eventhandler/SubscribeEvent;",
        "target": "onLivingDeath(Lnet/minecraftforge/event/entity/living/LivingDeathEvent;)V"
      },
      {
        "type": "METHOD",
        "name": "Lnet/minecraftforge/fml/common/eventhandler/SubscribeEvent;",
        "target": "onLivingUpdateEvent(Lnet/minecraftforge/event/entity/living/LivingEvent$LivingUpdateEvent;)V"
      },
      {
        "type": "METHOD",
        "name": "Lnet/minecraftforge/fml/common/eventhandler/SubscribeEvent;",
        "target": "onStartTrack(Lnet/minecraftforge/event/entity/player/PlayerEvent$StartTracking;)V"
      },
      {
        "type": "METHOD",
        "name": "Lnet/minecraftforge/fml/common/eventhandler/SubscribeEvent;",
        "target": "onPlayerJoin(Lnet/minecraftforge/fml/common/gameevent/PlayerEvent$PlayerLoggedInEvent;)V"
      },
      {
        "type": "METHOD",
        "name": "Lnet/minecraftforge/fml/common/eventhandler/SubscribeEvent;",
        "target": "onLivingDrops(Lnet/minecraftforge/event/entity/living/LivingDropsEvent;)V"
      },
      {
        "type": "METHOD",
        "name": "Lnet/minecraftforge/fml/common/eventhandler/SubscribeEvent;",
        "target": "onPlayerBlockInterract(Lnet/minecraftforge/event/entity/player/PlayerInteractEvent$RightClickBlock;)V"
      },
      {
        "type": "METHOD",
        "name": "Lnet/minecraftforge/fml/common/eventhandler/SubscribeEvent;",
        "target": "onEntityInteract(Lnet/minecraftforge/event/entity/player/PlayerInteractEvent$EntityInteract;)V"
      },
      {
        "type": "METHOD",
        "name": "Lnet/minecraftforge/fml/common/eventhandler/SubscribeEvent;",
        "target": "onItemRightClick(Lnet/minecraftforge/event/entity/player/PlayerInteractEvent$RightClickItem;)V"
      },
      {
        "type": "METHOD",
        "name": "Lnet/minecraftforge/fml/common/eventhandler/SubscribeEvent;",
        "target": "onAttack(Lnet/minecraftforge/event/entity/living/LivingAttackEvent;)V"
      },
      {
        "type": "METHOD",
        "name": "Lnet/minecraftforge/fml/common/eventhandler/SubscribeEvent;",
        "target": "onAttack(Lnet/minecraftforge/event/entity/living/LivingDamageEvent;)V"
      },
      {
        "type": "METHOD",
        "name": "Lnet/minecraftforge/fml/common/eventhandler/SubscribeEvent;",
        "target": "onPlayerResearch(Lthaumcraft/api/research/ResearchEvent$Research;)V"
      },
      {
        "type": "METHOD",
        "name": "Lnet/minecraftforge/fml/common/eventhandler/SubscribeEvent;",
        "target": "onPlayerGetKnowledge(Lthaumcraft/api/research/ResearchEvent$Knowledge;)V"
      },
      {
        "type": "METHOD",
        "name": "Lnet/minecraftforge/fml/common/eventhandler/SubscribeEvent;",
        "target": "onExperienceDrop(Lnet/minecraftforge/event/entity/living/LivingExperienceDropEvent;)V"
      },
      {
        "type": "METHOD",
        "name": "Lnet/minecraftforge/fml/common/eventhandler/SubscribeEvent;",
        "target": "onConfigChanged(Lnet/minecraftforge/fml/client/event/ConfigChangedEvent$OnConfigChangedEvent;)V"
      }
    ]
  },
  "fr/wind_blade/isorropia/common/events/IRGuiHandler": {
    "name": "fr/wind_blade/isorropia/common/events/IRGuiHandler",
    "interfaces": [
      "net/minecraftforge/fml/common/network/IGuiHandler"
    ]
  },
  "fr/wind_blade/isorropia/common/events/KeyHandler": {
    "name": "fr/wind_blade/isorropia/common/events/KeyHandler",
    "annotations": [
      {
        "type": "METHOD",
        "name": "Lnet/minecraftforge/fml/common/eventhandler/SubscribeEvent;",
        "target": "keyEvent(Lnet/minecraftforge/fml/common/gameevent/InputEvent$KeyInputEvent;)V"
      }
    ]
  },
  "fr/wind_blade/isorropia/common/events/RegistryEventHandler": {
    "name": "fr/wind_blade/isorropia/common/events/RegistryEventHandler",
    "annotations": [
      {
        "type": "CLASS",
        "name": "Lnet/minecraftforge/fml/common/Mod$EventBusSubscriber;",
        "target": "fr/wind_blade/isorropia/common/events/RegistryEventHandler",
        "values": {
          "modid": {
            "value": "isorropia"
          }
        }
      },
      {
        "type": "METHOD",
        "name": "Lnet/minecraftforge/fml/common/eventhandler/SubscribeEvent;",
        "target": "onItemRegistry(Lnet/minecraftforge/event/RegistryEvent$Register;)V"
      },
      {
        "type": "METHOD",
        "name": "Lnet/minecraftforge/fml/common/eventhandler/SubscribeEvent;",
        "target": "onRegistryBlock(Lnet/minecraftforge/event/RegistryEvent$Register;)V"
      },
      {
        "type": "METHOD",
        "name": "Lnet/minecraftforge/fml/common/eventhandler/SubscribeEvent;",
        "target": "onRegistryCreation(Lnet/minecraftforge/event/RegistryEvent$NewRegistry;)V"
      },
      {
        "type": "METHOD",
        "name": "Lnet/minecraftforge/fml/common/eventhandler/SubscribeEvent;",
        "target": "lensRegistryEvent(Lnet/minecraftforge/event/RegistryEvent$Register;)V"
      },
      {
        "type": "METHOD",
        "name": "Lnet/minecraftforge/fml/common/eventhandler/SubscribeEvent;",
        "target": "onModelRegistry(Lnet/minecraftforge/client/event/ModelRegistryEvent;)V"
      }
    ]
  },
  "fr/wind_blade/isorropia/common/events/SoundsIR": {
    "name": "fr/wind_blade/isorropia/common/events/SoundsIR",
    "annotations": [
      {
        "type": "CLASS",
        "name": "Lnet/minecraftforge/fml/common/Mod$EventBusSubscriber;",
        "target": "fr/wind_blade/isorropia/common/events/SoundsIR"
      },
      {
        "type": "METHOD",
        "name": "Lnet/minecraftforge/fml/common/eventhandler/SubscribeEvent;",
        "target": "registerSounds(Lnet/minecraftforge/event/RegistryEvent$Register;)V"
      }
    ]
  },
  "fr/wind_blade/isorropia/common/items/JellyAspectEffects$DEFAULT_EFFECT": {
    "name": "fr/wind_blade/isorropia/common/items/JellyAspectEffects$DEFAULT_EFFECT",
    "interfaces": [
      "fr/wind_blade/isorropia/common/items/IJellyAspectEffectProvider"
    ]
  },
  "fr/wind_blade/isorropia/common/items/JellyAspectEffects$EXCHANGE_EFFECT": {
    "name": "fr/wind_blade/isorropia/common/items/JellyAspectEffects$EXCHANGE_EFFECT",
    "interfaces": [
      "fr/wind_blade/isorropia/common/items/IJellyAspectEffectProvider"
    ]
  },
  "fr/wind_blade/isorropia/common/items/JellyAspectEffects$LIFE_EFFECT": {
    "name": "fr/wind_blade/isorropia/common/items/JellyAspectEffects$LIFE_EFFECT",
    "interfaces": [
      "fr/wind_blade/isorropia/common/items/IJellyAspectEffectProvider"
    ]
  },
  "fr/wind_blade/isorropia/common/items/JellyAspectEffects$MOTION_EFFECT": {
    "name": "fr/wind_blade/isorropia/common/items/JellyAspectEffects$MOTION_EFFECT",
    "interfaces": [
      "fr/wind_blade/isorropia/common/items/IJellyAspectEffectProvider"
    ]
  },
  "fr/wind_blade/isorropia/common/items/JellyAspectEffects$PROTECT_EFFECT": {
    "name": "fr/wind_blade/isorropia/common/items/JellyAspectEffects$PROTECT_EFFECT",
    "interfaces": [
      "fr/wind_blade/isorropia/common/items/IJellyAspectEffectProvider"
    ]
  },
  "fr/wind_blade/isorropia/common/items/baubles/ItemBaubleMirror": {
    "name": "fr/wind_blade/isorropia/common/items/baubles/ItemBaubleMirror",
    "interfaces": [
      "baubles/api/IBauble"
    ]
  },
  "fr/wind_blade/isorropia/common/items/baubles/ItemSomaticBrain": {
    "name": "fr/wind_blade/isorropia/common/items/baubles/ItemSomaticBrain",
    "interfaces": [
      "baubles/api/IBauble",
      "baubles/api/render/IRenderBauble"
    ]
  },
  "fr/wind_blade/isorropia/common/items/misc/ItemCat$EnumCat": {
    "name": "fr/wind_blade/isorropia/common/items/misc/ItemCat$EnumCat",
    "interfaces": [
      "net/minecraft/util/IStringSerializable"
    ]
  },
  "fr/wind_blade/isorropia/common/items/misc/ItemJelly": {
    "name": "fr/wind_blade/isorropia/common/items/misc/ItemJelly",
    "interfaces": [
      "thaumcraft/api/aspects/IEssentiaContainerItem"
    ]
  },
  "fr/wind_blade/isorropia/common/items/tools/ItemPrimalWell": {
    "name": "fr/wind_blade/isorropia/common/items/tools/ItemPrimalWell",
    "interfaces": [
      "thaumcraft/api/items/IScribeTools"
    ]
  },
  "fr/wind_blade/isorropia/common/items/tools/ItemSkullAxe": {
    "name": "fr/wind_blade/isorropia/common/items/tools/ItemSkullAxe",
    "interfaces": [
      "thaumcraft/api/items/IRechargable"
    ]
  },
  "fr/wind_blade/isorropia/common/items/tools/ItemSkullAxe$1": {
    "name": "fr/wind_blade/isorropia/common/items/tools/ItemSkullAxe$1",
    "interfaces": [
      "net/minecraft/item/IItemPropertyGetter"
    ]
  },
  "fr/wind_blade/isorropia/common/libs/JellyAspectEffects$DEFAULT_EFFECT": {
    "name": "fr/wind_blade/isorropia/common/libs/JellyAspectEffects$DEFAULT_EFFECT",
    "interfaces": [
      "fr/wind_blade/isorropia/common/libs/IJellyAspectEffectProvider"
    ]
  },
  "fr/wind_blade/isorropia/common/libs/JellyAspectEffects$EXCHANGE_EFFECT": {
    "name": "fr/wind_blade/isorropia/common/libs/JellyAspectEffects$EXCHANGE_EFFECT",
    "interfaces": [
      "fr/wind_blade/isorropia/common/libs/IJellyAspectEffectProvider"
    ]
  },
  "fr/wind_blade/isorropia/common/libs/JellyAspectEffects$LIFE_EFFECT": {
    "name": "fr/wind_blade/isorropia/common/libs/JellyAspectEffects$LIFE_EFFECT",
    "interfaces": [
      "fr/wind_blade/isorropia/common/libs/IJellyAspectEffectProvider"
    ]
  },
  "fr/wind_blade/isorropia/common/libs/JellyAspectEffects$MOTION_EFFECT": {
    "name": "fr/wind_blade/isorropia/common/libs/JellyAspectEffects$MOTION_EFFECT",
    "interfaces": [
      "fr/wind_blade/isorropia/common/libs/IJellyAspectEffectProvider"
    ]
  },
  "fr/wind_blade/isorropia/common/libs/JellyAspectEffects$PROTECT_EFFECT": {
    "name": "fr/wind_blade/isorropia/common/libs/JellyAspectEffects$PROTECT_EFFECT",
    "interfaces": [
      "fr/wind_blade/isorropia/common/libs/IJellyAspectEffectProvider"
    ]
  },
  "fr/wind_blade/isorropia/common/libs/celestial/CelestialBody": {
    "name": "fr/wind_blade/isorropia/common/libs/celestial/CelestialBody",
    "interfaces": [
      "fr/wind_blade/isorropia/common/libs/celestial/ICelestialBody"
    ]
  },
  "fr/wind_blade/isorropia/common/libs/curative/CurativeEffects$DEATH_HEAL": {
    "name": "fr/wind_blade/isorropia/common/libs/curative/CurativeEffects$DEATH_HEAL",
    "interfaces": [
      "fr/wind_blade/isorropia/common/libs/curative/ICurativeEffectProvider"
    ]
  },
  "fr/wind_blade/isorropia/common/libs/curative/CurativeEffects$HUNGER_FOOD": {
    "name": "fr/wind_blade/isorropia/common/libs/curative/CurativeEffects$HUNGER_FOOD",
    "interfaces": [
      "fr/wind_blade/isorropia/common/libs/curative/ICurativeEffectProvider"
    ]
  },
  "fr/wind_blade/isorropia/common/libs/curative/CurativeEffects$IGNIS_CURE": {
    "name": "fr/wind_blade/isorropia/common/libs/curative/CurativeEffects$IGNIS_CURE",
    "interfaces": [
      "fr/wind_blade/isorropia/common/libs/curative/ICurativeEffectProvider"
    ]
  },
  "fr/wind_blade/isorropia/common/libs/curative/CurativeEffects$LIFE_HEAL": {
    "name": "fr/wind_blade/isorropia/common/libs/curative/CurativeEffects$LIFE_HEAL",
    "interfaces": [
      "fr/wind_blade/isorropia/common/libs/curative/ICurativeEffectProvider"
    ]
  },
  "fr/wind_blade/isorropia/common/libs/curative/CurativeEffects$UNDEAD_HEAL": {
    "name": "fr/wind_blade/isorropia/common/libs/curative/CurativeEffects$UNDEAD_HEAL",
    "interfaces": [
      "fr/wind_blade/isorropia/common/libs/curative/ICurativeEffectProvider"
    ]
  },
  "fr/wind_blade/isorropia/common/libs/helpers/IsorropiaHelper$1": {
    "name": "fr/wind_blade/isorropia/common/libs/helpers/IsorropiaHelper$1",
    "interfaces": [
      "net/minecraft/client/renderer/IImageBuffer"
    ]
  },
  "fr/wind_blade/isorropia/common/libs/helpers/IsorropiaHelper$2": {
    "name": "fr/wind_blade/isorropia/common/libs/helpers/IsorropiaHelper$2",
    "interfaces": [
      "net/minecraft/network/datasync/DataSerializer"
    ]
  },
  "fr/wind_blade/isorropia/common/libs/research/ScanFidelity": {
    "name": "fr/wind_blade/isorropia/common/libs/research/ScanFidelity",
    "interfaces": [
      "thaumcraft/api/research/IScanThing"
    ]
  },
  "fr/wind_blade/isorropia/common/libs/research/ScanSkull": {
    "name": "fr/wind_blade/isorropia/common/libs/research/ScanSkull",
    "interfaces": [
      "thaumcraft/api/research/IScanThing"
    ]
  },
  "fr/wind_blade/isorropia/common/libs/research/ScanSun": {
    "name": "fr/wind_blade/isorropia/common/libs/research/ScanSun",
    "interfaces": [
      "thaumcraft/api/research/IScanThing"
    ]
  },
  "fr/wind_blade/isorropia/common/libs/research/ScanTameable": {
    "name": "fr/wind_blade/isorropia/common/libs/research/ScanTameable",
    "interfaces": [
      "thaumcraft/api/research/IScanThing"
    ]
  },
  "fr/wind_blade/isorropia/common/network/CapabilityMessage": {
    "name": "fr/wind_blade/isorropia/common/network/CapabilityMessage",
    "interfaces": [
      "net/minecraftforge/fml/common/network/simpleimpl/IMessage"
    ]
  },
  "fr/wind_blade/isorropia/common/network/CapabilityMessage$ClientLivingBaseCapabilityHandler": {
    "name": "fr/wind_blade/isorropia/common/network/CapabilityMessage$ClientLivingBaseCapabilityHandler",
    "interfaces": [
      "net/minecraftforge/fml/common/network/simpleimpl/IMessageHandler"
    ]
  },
  "fr/wind_blade/isorropia/common/network/ISPacketFXInfusionSource": {
    "name": "fr/wind_blade/isorropia/common/network/ISPacketFXInfusionSource",
    "interfaces": [
      "net/minecraftforge/fml/common/network/simpleimpl/IMessage",
      "net/minecraftforge/fml/common/network/simpleimpl/IMessageHandler"
    ]
  },
  "fr/wind_blade/isorropia/common/network/LensChangeMessage": {
    "name": "fr/wind_blade/isorropia/common/network/LensChangeMessage",
    "interfaces": [
      "net/minecraftforge/fml/common/network/simpleimpl/IMessage"
    ]
  },
  "fr/wind_blade/isorropia/common/network/LensChangeMessage$LensChangeMessageHandler": {
    "name": "fr/wind_blade/isorropia/common/network/LensChangeMessage$LensChangeMessageHandler",
    "interfaces": [
      "net/minecraftforge/fml/common/network/simpleimpl/IMessageHandler"
    ]
  },
  "fr/wind_blade/isorropia/common/network/LensRemoveMessage": {
    "name": "fr/wind_blade/isorropia/common/network/LensRemoveMessage",
    "interfaces": [
      "net/minecraftforge/fml/common/network/simpleimpl/IMessage"
    ]
  },
  "fr/wind_blade/isorropia/common/network/LensRemoveMessage$Handler": {
    "name": "fr/wind_blade/isorropia/common/network/LensRemoveMessage$Handler",
    "interfaces": [
      "net/minecraftforge/fml/common/network/simpleimpl/IMessageHandler"
    ]
  },
  "fr/wind_blade/isorropia/common/network/LensRemoveMessageSP": {
    "name": "fr/wind_blade/isorropia/common/network/LensRemoveMessageSP",
    "interfaces": [
      "net/minecraftforge/fml/common/network/simpleimpl/IMessage"
    ]
  },
  "fr/wind_blade/isorropia/common/network/LensRemoveMessageSP$Handler": {
    "name": "fr/wind_blade/isorropia/common/network/LensRemoveMessageSP$Handler",
    "interfaces": [
      "net/minecraftforge/fml/common/network/simpleimpl/IMessageHandler"
    ]
  },
  "fr/wind_blade/isorropia/common/network/MagnetMessage": {
    "name": "fr/wind_blade/isorropia/common/network/MagnetMessage",
    "interfaces": [
      "net/minecraftforge/fml/common/network/simpleimpl/IMessage"
    ]
  },
  "fr/wind_blade/isorropia/common/network/MagnetMessage$MessageHandler": {
    "name": "fr/wind_blade/isorropia/common/network/MagnetMessage$MessageHandler",
    "interfaces": [
      "net/minecraftforge/fml/common/network/simpleimpl/IMessageHandler"
    ]
  },
  "fr/wind_blade/isorropia/common/network/MirrorMessage": {
    "name": "fr/wind_blade/isorropia/common/network/MirrorMessage",
    "interfaces": [
      "net/minecraftforge/fml/common/network/simpleimpl/IMessage"
    ]
  },
  "fr/wind_blade/isorropia/common/network/MirrorMessage$MirrorMessageHandler": {
    "name": "fr/wind_blade/isorropia/common/network/MirrorMessage$MirrorMessageHandler",
    "interfaces": [
      "net/minecraftforge/fml/common/network/simpleimpl/IMessageHandler"
    ]
  },
  "fr/wind_blade/isorropia/common/network/MirrorMessage$MirrorMessageHandler$1": {
    "name": "fr/wind_blade/isorropia/common/network/MirrorMessage$MirrorMessageHandler$1",
    "interfaces": [
      "java/lang/Runnable"
    ]
  },
  "fr/wind_blade/isorropia/common/network/ParticuleDestroyMessage": {
    "name": "fr/wind_blade/isorropia/common/network/ParticuleDestroyMessage",
    "interfaces": [
      "net/minecraftforge/fml/common/network/simpleimpl/IMessage"
    ]
  },
  "fr/wind_blade/isorropia/common/network/ParticuleDestroyMessage$Handler": {
    "name": "fr/wind_blade/isorropia/common/network/ParticuleDestroyMessage$Handler",
    "interfaces": [
      "net/minecraftforge/fml/common/network/simpleimpl/IMessageHandler"
    ]
  },
  "fr/wind_blade/isorropia/common/network/TrackingCapabilityMessage": {
    "name": "fr/wind_blade/isorropia/common/network/TrackingCapabilityMessage",
    "interfaces": [
      "net/minecraftforge/fml/common/network/simpleimpl/IMessage"
    ]
  },
  "fr/wind_blade/isorropia/common/network/TrackingCapabilityMessage$ClientLivingBaseCapabilityHandler": {
    "name": "fr/wind_blade/isorropia/common/network/TrackingCapabilityMessage$ClientLivingBaseCapabilityHandler",
    "interfaces": [
      "net/minecraftforge/fml/common/network/simpleimpl/IMessageHandler"
    ]
  },
  "fr/wind_blade/isorropia/common/research/ScanFidelity": {
    "name": "fr/wind_blade/isorropia/common/research/ScanFidelity",
    "interfaces": [
      "thaumcraft/api/research/IScanThing"
    ]
  },
  "fr/wind_blade/isorropia/common/research/ScanSkull": {
    "name": "fr/wind_blade/isorropia/common/research/ScanSkull",
    "interfaces": [
      "thaumcraft/api/research/IScanThing"
    ]
  },
  "fr/wind_blade/isorropia/common/research/ScanSun": {
    "name": "fr/wind_blade/isorropia/common/research/ScanSun",
    "interfaces": [
      "thaumcraft/api/research/IScanThing"
    ]
  },
  "fr/wind_blade/isorropia/common/research/ScanTameable": {
    "name": "fr/wind_blade/isorropia/common/research/ScanTameable",
    "interfaces": [
      "thaumcraft/api/research/IScanThing"
    ]
  },
  "fr/wind_blade/isorropia/common/tiles/TileCelestialMagnet": {
    "name": "fr/wind_blade/isorropia/common/tiles/TileCelestialMagnet",
    "interfaces": [
      "net/minecraft/util/ITickable"
    ]
  },
  "fr/wind_blade/isorropia/common/tiles/TileJarSoul": {
    "name": "fr/wind_blade/isorropia/common/tiles/TileJarSoul",
    "interfaces": [
      "net/minecraft/util/ITickable"
    ]
  },
  "fr/wind_blade/isorropia/common/tiles/TileModifiedMatrix": {
    "name": "fr/wind_blade/isorropia/common/tiles/TileModifiedMatrix",
    "interfaces": [
      "thaumcraft/api/casters/IInteractWithCaster",
      "thaumcraft/api/aspects/IAspectContainer",
      "thaumcraft/api/items/IGogglesDisplayExtended"
    ]
  },
  "fr/wind_blade/isorropia/common/tiles/TileStatue": {
    "name": "fr/wind_blade/isorropia/common/tiles/TileStatue",
    "interfaces": [
      "net/minecraft/util/ITickable"
    ]
  },
  "fr/wind_blade/isorropia/common/tiles/TileVat": {
    "name": "fr/wind_blade/isorropia/common/tiles/TileVat",
    "interfaces": [
      "thaumcraft/api/aspects/IAspectContainer",
      "net/minecraft/util/ITickable",
      "thaumcraft/api/crafting/IStabilizable"
    ]
  },
  "fr/wind_blade/isorropia/common/tiles/TileVatConnector": {
    "name": "fr/wind_blade/isorropia/common/tiles/TileVatConnector",
    "interfaces": [
      "thaumcraft/api/aspects/IEssentiaTransport",
      "net/minecraft/util/ITickable"
    ]
  }
}