{
  "fr/wind_blade/isorropia/Isorropia": 52,
  "fr/wind_blade/isorropia/client/Client": 52,
  "fr/wind_blade/isorropia/client/fx/FXCelestialAbsorption": 52,
  "fr/wind_blade/isorropia/client/fx/FXElementalWisp": 52,
  "fr/wind_blade/isorropia/client/fx/FXEssentiaBubble": 52,
  "fr/wind_blade/isorropia/client/fx/FXFluxExplosion": 52,
  "fr/wind_blade/isorropia/client/fx/FXSonic": 52,
  "fr/wind_blade/isorropia/client/fx/ISFXDispatcher": 52,
  "fr/wind_blade/isorropia/client/gui/GuiCelestialMagnet": 52,
  "fr/wind_blade/isorropia/client/gui/GuiCelestialMagnet$1": 52,
  "fr/wind_blade/isorropia/client/gui/GuiCelestialMagnet$2": 52,
  "fr/wind_blade/isorropia/client/gui/GuiCelestialMagnet$3": 52,
  "fr/wind_blade/isorropia/client/gui/GuiCelestialMagnet$4": 52,
  "fr/wind_blade/isorropia/client/gui/GuiCelestialMagnet$5": 52,
  "fr/wind_blade/isorropia/client/gui/GuiCelestialMagnet$GuiCelestialAspectButton": 52,
  "fr/wind_blade/isorropia/client/libs/CombinedLayeredColorMaskTexture": 52,
  "fr/wind_blade/isorropia/client/libs/CombinedTextureManager": 52,
  "fr/wind_blade/isorropia/client/libs/RenderEventHandler": 52,
  "fr/wind_blade/isorropia/client/libs/RenderEventHandler$fociHUD": 52,
  "fr/wind_blade/isorropia/client/libs/ShaderHelper": 52,
  "fr/wind_blade/isorropia/client/model/DynamicStaticModel": 52,
  "fr/wind_blade/isorropia/client/model/ModelJelly": 52,
  "fr/wind_blade/isorropia/client/model/ModelJellyRabbit": 52,
  "fr/wind_blade/isorropia/client/model/ModelSaehrimnirReborn": 52,
  "fr/wind_blade/isorropia/client/model/ModelSomaticBrain": 52,
  "fr/wind_blade/isorropia/client/renderer/RenderCustomItem": 52,
  "fr/wind_blade/isorropia/client/renderer/RenderEntity": 52,
  "fr/wind_blade/isorropia/client/renderer/entities/RenderEmber": 52,
  "fr/wind_blade/isorropia/client/renderer/entities/RenderHangingLabel": 52,
  "fr/wind_blade/isorropia/client/renderer/entities/RenderHellHound": 52,
  "fr/wind_blade/isorropia/client/renderer/entities/RenderJellyRabbit": 52,
  "fr/wind_blade/isorropia/client/renderer/entities/RenderJellyRabbit$LayerRabbitJelly": 52,
  "fr/wind_blade/isorropia/client/renderer/entities/RenderOrePig": 52,
  "fr/wind_blade/isorropia/client/renderer/entities/RenderSaehrimnir": 52,
  "fr/wind_blade/isorropia/client/renderer/entities/RenderSaehrimnirReborn": 52,
  "fr/wind_blade/isorropia/client/renderer/entities/RenderScholarChicken": 52,
  "fr/wind_blade/isorropia/client/renderer/entities/RenderSheeder": 52,
  "fr/wind_blade/isorropia/client/renderer/entities/RenderTaintPig": 52,
  "fr/wind_blade/isorropia/client/renderer/entities/layers/LayerSheederWool": 52,
  "fr/wind_blade/isorropia/client/renderer/entities/layers/LayerTaintPigBorder": 52,
  "fr/wind_blade/isorropia/client/renderer/tiles/RenderCelestialMagnet": 52,
  "fr/wind_blade/isorropia/client/renderer/tiles/RenderJarSoul": 52,
  "fr/wind_blade/isorropia/client/renderer/tiles/RenderModifiedMatrix": 52,
  "fr/wind_blade/isorropia/client/renderer/tiles/RenderStatue": 52,
  "fr/wind_blade/isorropia/common/Common": 52,
  "fr/wind_blade/isorropia/common/IsorropiaAPI": 52,
  "fr/wind_blade/isorropia/common/IsorropiaCreativeTabs": 52,
  "fr/wind_blade/isorropia/common/blocks/BlockArcaneCake": 52,
  "fr/wind_blade/isorropia/common/blocks/BlockBalancedCrystal": 52,
  "fr/wind_blade/isorropia/common/blocks/BlockCelestialMagnet": 52,
  "fr/wind_blade/isorropia/common/blocks/BlockCurativeVat": 52,
  "fr/wind_blade/isorropia/common/blocks/BlockCurativeVat$Type": 52,
  "fr/wind_blade/isorropia/common/blocks/BlockJarSoul": 52,
  "fr/wind_blade/isorropia/common/blocks/BlockJarSoulItem": 52,
  "fr/wind_blade/isorropia/common/blocks/BlockLiquidVat": 52,
  "fr/wind_blade/isorropia/common/blocks/BlockModifiedMatrix": 52,
  "fr/wind_blade/isorropia/common/blocks/BlockSoulAmber": 52,
  "fr/wind_blade/isorropia/common/blocks/BlockStatue": 52,
  "fr/wind_blade/isorropia/common/blocks/BlockStatueItem": 52,
  "fr/wind_blade/isorropia/common/blocks/BlocksIS": 52,
  "fr/wind_blade/isorropia/common/blocks/IBlockRegistry": 52,
  "fr/wind_blade/isorropia/common/blocks/IItemBlockProvider": 52,
  "fr/wind_blade/isorropia/common/blocks/IItemStackRenderProvider": 52,
  "fr/wind_blade/isorropia/common/blocks/material/MaterialIR": 52,
  "fr/wind_blade/isorropia/common/capabilities/LivingBaseCapability": 52,
  "fr/wind_blade/isorropia/common/capabilities/LivingBaseCapability$Factory": 52,
  "fr/wind_blade/isorropia/common/capabilities/LivingBaseCapability$Storage": 52,
  "fr/wind_blade/isorropia/common/capabilities/LivingCapability": 52,
  "fr/wind_blade/isorropia/common/capabilities/LivingCapability$Factory": 52,
  "fr/wind_blade/isorropia/common/capabilities/LivingCapability$Storage": 52,
  "fr/wind_blade/isorropia/common/casters/foci/FocusEffectContainment": 52,
  "fr/wind_blade/isorropia/common/celestial/CelestialBody": 52,
  "fr/wind_blade/isorropia/common/celestial/CelestialBodyMoon": 52,
  "fr/wind_blade/isorropia/common/celestial/ICelestialBody": 52,
  "fr/wind_blade/isorropia/common/config/Config": 52,
  "fr/wind_blade/isorropia/common/config/ConfigContainment": 52,
  "fr/wind_blade/isorropia/common/config/ConfigContainment$Enum": 52,
  "fr/wind_blade/isorropia/common/config/DuoWeightedRandom": 52,
  "fr/wind_blade/isorropia/common/config/DuoWeightedRandom$DuoItem": 52,
  "fr/wind_blade/isorropia/common/config/OrePigEntry": 52,
  "fr/wind_blade/isorropia/common/curative/CurativeEffects": 52,
  "fr/wind_blade/isorropia/common/curative/CurativeEffects$DEATH_HEAL": 52,
  "fr/wind_blade/isorropia/common/curative/CurativeEffects$HUNGER_FOOD": 52,
  "fr/wind_blade/isorropia/common/curative/CurativeEffects$IGNIS_CURE": 52,
  "fr/wind_blade/isorropia/common/curative/CurativeEffects$LIFE_HEAL": 52,
  "fr/wind_blade/isorropia/common/curative/CurativeEffects$UNDEAD_HEAL": 52,
  "fr/wind_blade/isorropia/common/curative/ICurativeEffectProvider": 52,
  "fr/wind_blade/isorropia/common/curative/JellyRabbitRecipe": 52,
  "fr/wind_blade/isorropia/common/curative/OreBoarRecipe": 52,
  "fr/wind_blade/isorropia/common/entities/EntityChromaticSheep": 52,
  "fr/wind_blade/isorropia/common/entities/EntityGravekeeper": 52,
  "fr/wind_blade/isorropia/common/entities/EntityHangingLabel": 52,
  "fr/wind_blade/isorropia/common/entities/EntityHellHound": 52,
  "fr/wind_blade/isorropia/common/entities/EntityJellyRabbit": 52,
  "fr/wind_blade/isorropia/common/entities/EntityOrePig": 52,
  "fr/wind_blade/isorropia/common/entities/EntitySaehrimnir": 52,
  "fr/wind_blade/isorropia/common/entities/EntitySaehrimnirReborn": 52,
  "fr/wind_blade/isorropia/common/entities/EntityScholarChicken": 52,
  "fr/wind_blade/isorropia/common/entities/EntitySheeder": 52,
  "fr/wind_blade/isorropia/common/entities/EntityTaintPig": 52,
  "fr/wind_blade/isorropia/common/entities/ai/EntityAIEatStone": 52,
  "fr/wind_blade/isorropia/common/entities/ai/EntityAIEatTaint": 52,
  "fr/wind_blade/isorropia/common/entities/ai/EntityAILigo": 52,
  "fr/wind_blade/isorropia/common/entities/ai/EntityAINearestUndeadAttackableTarget": 52,
  "fr/wind_blade/isorropia/common/entities/ai/EntityAINearestUndeadAttackableTarget$Sorter": 52,
  "fr/wind_blade/isorropia/common/entities/ai/EntityAITaintTempt": 52,
  "fr/wind_blade/isorropia/common/entities/ai/EntityAIZapAttack": 52,
  "fr/wind_blade/isorropia/common/entities/ai/IEatStone": 52,
  "fr/wind_blade/isorropia/common/entities/projectile/EntityEmber": 52,
  "fr/wind_blade/isorropia/common/entities/projectile/EntityIncubatedEgg": 52,
  "fr/wind_blade/isorropia/common/events/EntityEventHandler": 52,
  "fr/wind_blade/isorropia/common/events/IRGuiHandler": 52,
  "fr/wind_blade/isorropia/common/events/KeyHandler": 52,
  "fr/wind_blade/isorropia/common/events/RegistryEventHandler": 52,
  "fr/wind_blade/isorropia/common/events/SoundsIR": 52,
  "fr/wind_blade/isorropia/common/items/IJellyAspectEffectProvider": 52,
  "fr/wind_blade/isorropia/common/items/ISItemStackHandler": 52,
  "fr/wind_blade/isorropia/common/items/ItemsIS": 52,
  "fr/wind_blade/isorropia/common/items/JellyAspectEffects": 52,
  "fr/wind_blade/isorropia/common/items/JellyAspectEffects$DEFAULT_EFFECT": 52,
  "fr/wind_blade/isorropia/common/items/JellyAspectEffects$EXCHANGE_EFFECT": 52,
  "fr/wind_blade/isorropia/common/items/JellyAspectEffects$LIFE_EFFECT": 52,
  "fr/wind_blade/isorropia/common/items/JellyAspectEffects$MOTION_EFFECT": 52,
  "fr/wind_blade/isorropia/common/items/JellyAspectEffects$PROTECT_EFFECT": 52,
  "fr/wind_blade/isorropia/common/items/baubles/ItemBaubleMirror": 52,
  "fr/wind_blade/isorropia/common/items/baubles/ItemSomaticBrain": 52,
  "fr/wind_blade/isorropia/common/items/misc/ItemCat": 52,
  "fr/wind_blade/isorropia/common/items/misc/ItemCat$EnumCat": 52,
  "fr/wind_blade/isorropia/common/items/misc/ItemIncubatedEgg": 52,
  "fr/wind_blade/isorropia/common/items/misc/ItemJelly": 52,
  "fr/wind_blade/isorropia/common/items/misc/ItemLens": 52,
  "fr/wind_blade/isorropia/common/items/tools/ItemPrimalWell": 52,
  "fr/wind_blade/isorropia/common/items/tools/ItemSkullAxe": 52,
  "fr/wind_blade/isorropia/common/items/tools/ItemSkullAxe$1": 52,
  "fr/wind_blade/isorropia/common/lenses/AirLens": 52,
  "fr/wind_blade/isorropia/common/lenses/EnvyLens": 52,
  "fr/wind_blade/isorropia/common/lenses/FireLens": 52,
  "fr/wind_blade/isorropia/common/lenses/GluttonyLens": 52,
  "fr/wind_blade/isorropia/common/lenses/Lens": 52,
  "fr/wind_blade/isorropia/common/lenses/LensManager": 52,
  "fr/wind_blade/isorropia/common/lenses/LensManager$LENSSLOT": 52,
  "fr/wind_blade/isorropia/common/lenses/LustLens": 52,
  "fr/wind_blade/isorropia/common/lenses/OrdoLens": 52,
  "fr/wind_blade/isorropia/common/libs/IBlockRegistry": 52,
  "fr/wind_blade/isorropia/common/libs/ICommandSeal": 52,
  "fr/wind_blade/isorropia/common/libs/IJellyAspectEffectProvider": 52,
  "fr/wind_blade/isorropia/common/libs/ISItemStackHandler": 52,
  "fr/wind_blade/isorropia/common/libs/IsorropiaCache": 52,
  "fr/wind_blade/isorropia/common/libs/JellyAspectEffects": 52,
  "fr/wind_blade/isorropia/common/libs/JellyAspectEffects$DEFAULT_EFFECT": 52,
  "fr/wind_blade/isorropia/common/libs/JellyAspectEffects$EXCHANGE_EFFECT": 52,
  "fr/wind_blade/isorropia/common/libs/JellyAspectEffects$LIFE_EFFECT": 52,
  "fr/wind_blade/isorropia/common/libs/JellyAspectEffects$MOTION_EFFECT": 52,
  "fr/wind_blade/isorropia/common/libs/JellyAspectEffects$PROTECT_EFFECT": 52,
  "fr/wind_blade/isorropia/common/libs/casters/foci/FocusEffectContainment": 52,
  "fr/wind_blade/isorropia/common/libs/celestial/CelestialBody": 52,
  "fr/wind_blade/isorropia/common/libs/celestial/CelestialBodyMoon": 52,
  "fr/wind_blade/isorropia/common/libs/celestial/ICelestialBody": 52,
  "fr/wind_blade/isorropia/common/libs/curative/BaseInfusion": 52,
  "fr/wind_blade/isorropia/common/libs/curative/CurativeEffects": 52,
  "fr/wind_blade/isorropia/common/libs/curative/CurativeEffects$DEATH_HEAL": 52,
  "fr/wind_blade/isorropia/common/libs/curative/CurativeEffects$HUNGER_FOOD": 52,
  "fr/wind_blade/isorropia/common/libs/curative/CurativeEffects$IGNIS_CURE": 52,
  "fr/wind_blade/isorropia/common/libs/curative/CurativeEffects$LIFE_HEAL": 52,
  "fr/wind_blade/isorropia/common/libs/curative/CurativeEffects$UNDEAD_HEAL": 52,
  "fr/wind_blade/isorropia/common/libs/curative/ICurativeEffectProvider": 52,
  "fr/wind_blade/isorropia/common/libs/curative/JellyRabbitRecipe": 52,
  "fr/wind_blade/isorropia/common/libs/curative/OreBoarRecipe": 52,
  "fr/wind_blade/isorropia/common/libs/helpers/IRMathHelper": 52,
  "fr/wind_blade/isorropia/common/libs/helpers/IsorropiaHelper": 52,
  "fr/wind_blade/isorropia/common/libs/helpers/IsorropiaHelper$1": 52,
  "fr/wind_blade/isorropia/common/libs/helpers/IsorropiaHelper$2": 52,
  "fr/wind_blade/isorropia/common/libs/lenses/AirLens": 52,
  "fr/wind_blade/isorropia/common/libs/lenses/EnvyLens": 52,
  "fr/wind_blade/isorropia/common/libs/lenses/FireLens": 52,
  "fr/wind_blade/isorropia/common/libs/lenses/GluttonyLens": 52,
  "fr/wind_blade/isorropia/common/libs/lenses/Lens": 52,
  "fr/wind_blade/isorropia/common/libs/lenses/LensManager": 52,
  "fr/wind_blade/isorropia/common/libs/lenses/LensManager$LENSSLOT": 52,
  "fr/wind_blade/isorropia/common/libs/lenses/LustLens": 52,
  "fr/wind_blade/isorropia/common/libs/lenses/OrdoLens": 52,
  "fr/wind_blade/isorropia/common/libs/research/ScanEntityResearch": 52,
  "fr/wind_blade/isorropia/common/libs/research/ScanFidelity": 52,
  "fr/wind_blade/isorropia/common/libs/research/ScanSkull": 52,
  "fr/wind_blade/isorropia/common/libs/research/ScanSun": 52,
  "fr/wind_blade/isorropia/common/libs/research/ScanTameable": 52,
  "fr/wind_blade/isorropia/common/libs/research/collections/Collection": 52,
  "fr/wind_blade/isorropia/common/libs/research/recipes/CurativeInfusionRecipe": 52,
  "fr/wind_blade/isorropia/common/libs/research/recipes/CurativeInfusionRecipe$Builder": 52,
  "fr/wind_blade/isorropia/common/libs/research/recipes/CurativePetrificationInfusionRecipe": 52,
  "fr/wind_blade/isorropia/common/libs/research/recipes/OrganCurativeInfusionRecipe": 52,
  "fr/wind_blade/isorropia/common/libs/research/recipes/OrganCurativeInfusionRecipe$Builder": 52,
  "fr/wind_blade/isorropia/common/libs/research/recipes/OrganCurativeInfusionRecipe$Organ": 52,
  "fr/wind_blade/isorropia/common/libs/research/recipes/SpecieCurativeInfusionRecipe": 52,
  "fr/wind_blade/isorropia/common/libs/research/recipes/SpecieCurativeInfusionRecipe$Builder": 52,
  "fr/wind_blade/isorropia/common/network/CapabilityMessage": 52,
  "fr/wind_blade/isorropia/common/network/CapabilityMessage$ClientLivingBaseCapabilityHandler": 52,
  "fr/wind_blade/isorropia/common/network/ISPacketFXInfusionSource": 52,
  "fr/wind_blade/isorropia/common/network/LensChangeMessage": 52,
  "fr/wind_blade/isorropia/common/network/LensChangeMessage$LensChangeMessageHandler": 52,
  "fr/wind_blade/isorropia/common/network/LensRemoveMessage": 52,
  "fr/wind_blade/isorropia/common/network/LensRemoveMessage$Handler": 52,
  "fr/wind_blade/isorropia/common/network/LensRemoveMessageSP": 52,
  "fr/wind_blade/isorropia/common/network/LensRemoveMessageSP$Handler": 52,
  "fr/wind_blade/isorropia/common/network/MagnetMessage": 52,
  "fr/wind_blade/isorropia/common/network/MagnetMessage$MessageHandler": 52,
  "fr/wind_blade/isorropia/common/network/MirrorMessage": 52,
  "fr/wind_blade/isorropia/common/network/MirrorMessage$MirrorMessageHandler": 52,
  "fr/wind_blade/isorropia/common/network/MirrorMessage$MirrorMessageHandler$1": 52,
  "fr/wind_blade/isorropia/common/network/ParticuleDestroyMessage": 52,
  "fr/wind_blade/isorropia/common/network/ParticuleDestroyMessage$Handler": 52,
  "fr/wind_blade/isorropia/common/network/TrackingCapabilityMessage": 52,
  "fr/wind_blade/isorropia/common/network/TrackingCapabilityMessage$ClientLivingBaseCapabilityHandler": 52,
  "fr/wind_blade/isorropia/common/research/ResearchsIS": 52,
  "fr/wind_blade/isorropia/common/research/ResearchsIS$1": 52,
  "fr/wind_blade/isorropia/common/research/ScanEntityResearch": 52,
  "fr/wind_blade/isorropia/common/research/ScanFidelity": 52,
  "fr/wind_blade/isorropia/common/research/ScanSkull": 52,
  "fr/wind_blade/isorropia/common/research/ScanSun": 52,
  "fr/wind_blade/isorropia/common/research/ScanTameable": 52,
  "fr/wind_blade/isorropia/common/research/collections/Collection": 52,
  "fr/wind_blade/isorropia/common/research/recipes/CurativeInfusionRecipe": 52,
  "fr/wind_blade/isorropia/common/research/recipes/CurativeInfusionRecipe$Builder": 52,
  "fr/wind_blade/isorropia/common/research/recipes/CurativePetrificationInfusionRecipe": 52,
  "fr/wind_blade/isorropia/common/research/recipes/OrganCurativeInfusionRecipe": 52,
  "fr/wind_blade/isorropia/common/research/recipes/OrganCurativeInfusionRecipe$Builder": 52,
  "fr/wind_blade/isorropia/common/research/recipes/OrganCurativeInfusionRecipe$Organ": 52,
  "fr/wind_blade/isorropia/common/research/recipes/SpecieCurativeInfusionRecipe": 52,
  "fr/wind_blade/isorropia/common/research/recipes/SpecieCurativeInfusionRecipe$Builder": 52,
  "fr/wind_blade/isorropia/common/tiles/TileCelestialMagnet": 52,
  "fr/wind_blade/isorropia/common/tiles/TileCelestialMagnet$EntityFilter": 52,
  "fr/wind_blade/isorropia/common/tiles/TileJarSoul": 52,
  "fr/wind_blade/isorropia/common/tiles/TileModifiedMatrix": 52,
  "fr/wind_blade/isorropia/common/tiles/TileStatue": 52,
  "fr/wind_blade/isorropia/common/tiles/TileVat": 52,
  "fr/wind_blade/isorropia/common/tiles/TileVat$1": 52,
  "fr/wind_blade/isorropia/common/tiles/TileVat$SourceFX": 52,
  "fr/wind_blade/isorropia/common/tiles/TileVatConnector": 52,
  "fr/wind_blade/isorropia/server/Server": 52
}