{
    "ambientocclusion": false,
    "textures": {
        "0": "isorropia:blocks/greatwood_plank",
        "1": "isorropia:blocks/vatbasesidecenter",
        "2": "isorropia:blocks/vatinner",
        "3": "isorropia:blocks/vatbasesidebottom",
        "4": "isorropia:blocks/vatbaseleftright",
        "5": "isorropia:blocks/vatinnercorner",
        "6": "isorropia:blocks/vatbasecenter",
        "7": "isorropia:blocks/vatinnercenter",
        "8": "isorropia:blocks/transparent",
        "9": "isorropia:blocks/vatbottomleft",
        "10": "isorropia:blocks/vatbottomright",
        "11": "isorropia:blocks/vatbottom",
        "12": "minecraft:blocks/water_still"
    },
    "elements": [
        {
            "name": "Cube",
            "from": [ 16.0, 0.0, 0.0 ], 
            "to": [ 32.0, 16.0, 16.0 ], 
            "faces": {
                "north": { "texture": "#0", "uv": [ 0.0, 0.0, 16.0, 16.0 ] },
                "east": { "texture": "#1", "uv": [ 0.0, 0.0, 16.0, 16.0 ] },
                "south": { "texture": "#0", "uv": [ 0.0, 0.0, 16.0, 16.0 ] },
                "west": { "texture": "#0", "uv": [ 0.0, 0.0, 16.0, 16.0 ] },
                "up": { "texture": "#2", "uv": [ 0.0, 0.0, 16.0, 16.0 ], "rotation": 270 },
                "down": { "texture": "#3", "uv": [ 0.0, 0.0, 16.0, 16.0 ] }
            }
        },
        {
            "name": "Cube",
            "from": [ -16.0, 0.0, 0.0 ], 
            "to": [ 0.0, 16.0, 16.0 ], 
            "faces": {
                "north": { "texture": "#0", "uv": [ 0.0, 0.0, 16.0, 16.0 ] },
                "east": { "texture": "#0", "uv": [ 0.0, 0.0, 16.0, 16.0 ] },
                "south": { "texture": "#0", "uv": [ 0.0, 0.0, 16.0, 16.0 ] },
                "west": { "texture": "#1", "uv": [ 0.0, 0.0, 16.0, 16.0 ] },
                "up": { "texture": "#2", "uv": [ 0.0, 0.0, 16.0, 16.0 ], "rotation": 90 },
                "down": { "texture": "#3", "uv": [ 0.0, 0.0, 16.0, 16.0 ] }
            }
        },
        {
            "name": "Cube",
            "from": [ 0.0, 0.0, 16.0 ], 
            "to": [ 16.0, 16.0, 32.0 ], 
            "faces": {
                "north": { "texture": "#0", "uv": [ 0.0, 0.0, 16.0, 16.0 ] },
                "east": { "texture": "#0", "uv": [ 0.0, 0.0, 16.0, 16.0 ] },
                "south": { "texture": "#1", "uv": [ 0.0, 0.0, 16.0, 16.0 ] },
                "west": { "texture": "#0", "uv": [ 0.0, 0.0, 16.0, 16.0 ] },
                "up": { "texture": "#2", "uv": [ 0.0, 0.0, 16.0, 16.0 ] },
                "down": { "texture": "#3", "uv": [ 0.0, 0.0, 16.0, 16.0 ] }
            }
        },
        {
            "name": "Cube",
            "from": [ 0.0, 0.0, -16.0 ], 
            "to": [ 16.0, 16.0, 0.0 ], 
            "faces": {
                "north": { "texture": "#1", "uv": [ 0.0, 0.0, 16.0, 16.0 ] },
                "east": { "texture": "#0", "uv": [ 0.0, 0.0, 16.0, 16.0 ] },
                "south": { "texture": "#0", "uv": [ 0.0, 0.0, 16.0, 16.0 ] },
                "west": { "texture": "#0", "uv": [ 0.0, 0.0, 16.0, 16.0 ] },
                "up": { "texture": "#2", "uv": [ 0.0, 0.0, 16.0, 16.0 ], "rotation": 180 },
                "down": { "texture": "#3", "uv": [ 0.0, 0.0, 16.0, 16.0 ] }
            }
        },
        {
            "name": "Cube",
            "from": [ -16.0, 0.0, -16.0 ], 
            "to": [ 0.0, 16.0, 0.0 ], 
            "faces": {
                "north": { "texture": "#4", "uv": [ 0.0, 0.0, 16.0, 16.0 ] },
                "east": { "texture": "#0", "uv": [ 0.0, 0.0, 16.0, 16.0 ] },
                "south": { "texture": "#0", "uv": [ 0.0, 0.0, 16.0, 16.0 ] },
                "west": { "texture": "#4", "uv": [ 0.0, 0.0, 16.0, 16.0 ] },
                "up": { "texture": "#5", "uv": [ 0.0, 0.0, 16.0, 16.0 ], "rotation": 90 },
                "down": { "texture": "#6", "uv": [ 0.0, 0.0, 16.0, 16.0 ] }
            }
        },
        {
            "name": "Cube",
            "from": [ 16.0, 0.0, -16.0 ], 
            "to": [ 32.0, 16.0, 0.0 ], 
            "faces": {
                "north": { "texture": "#4", "uv": [ 0.0, 0.0, 16.0, 16.0 ] },
                "east": { "texture": "#4", "uv": [ 0.0, 0.0, 16.0, 16.0 ] },
                "south": { "texture": "#0", "uv": [ 0.0, 0.0, 16.0, 16.0 ] },
                "west": { "texture": "#0", "uv": [ 0.0, 0.0, 16.0, 16.0 ] },
                "up": { "texture": "#5", "uv": [ 0.0, 0.0, 16.0, 16.0 ], "rotation": 180 },
                "down": { "texture": "#6", "uv": [ 0.0, 0.0, 16.0, 16.0 ] }
            }
        },
        {
            "name": "Cube",
            "from": [ 16.0, 0.0, 16.0 ], 
            "to": [ 32.0, 16.0, 32.0 ], 
            "faces": {
                "north": { "texture": "#0", "uv": [ 0.0, 0.0, 16.0, 16.0 ] },
                "east": { "texture": "#4", "uv": [ 0.0, 0.0, 16.0, 16.0 ] },
                "south": { "texture": "#4", "uv": [ 0.0, 0.0, 16.0, 16.0 ] },
                "west": { "texture": "#0", "uv": [ 0.0, 0.0, 16.0, 16.0 ] },
                "up": { "texture": "#5", "uv": [ 0.0, 0.0, 16.0, 16.0 ], "rotation": 270 },
                "down": { "texture": "#6", "uv": [ 0.0, 0.0, 16.0, 16.0 ] }
            }
        },
        {
            "name": "Cube",
            "from": [ -16.0, 0.0, 16.0 ], 
            "to": [ 0.0, 16.0, 32.0 ], 
            "faces": {
                "north": { "texture": "#0", "uv": [ 0.0, 0.0, 16.0, 16.0 ] },
                "east": { "texture": "#0", "uv": [ 0.0, 0.0, 16.0, 16.0 ] },
                "south": { "texture": "#4", "uv": [ 0.0, 0.0, 16.0, 16.0 ] },
                "west": { "texture": "#4", "uv": [ 0.0, 0.0, 16.0, 16.0 ] },
                "up": { "texture": "#5", "uv": [ 0.0, 0.0, 16.0, 16.0 ] },
                "down": { "texture": "#6", "uv": [ 0.0, 0.0, 16.0, 16.0 ] }
            }
        },
        {
            "name": "Cube",
            "from": [ 0.0, 0.0, 0.0 ], 
            "to": [ 16.0, 16.0, 16.0 ], 
            "faces": {
                "north": { "texture": "#0", "uv": [ 0.0, 0.0, 16.0, 16.0 ] },
                "east": { "texture": "#0", "uv": [ 0.0, 0.0, 16.0, 16.0 ] },
                "south": { "texture": "#0", "uv": [ 0.0, 0.0, 16.0, 16.0 ] },
                "west": { "texture": "#0", "uv": [ 0.0, 0.0, 16.0, 16.0 ] },
                "up": { "texture": "#7", "uv": [ 0.0, 0.0, 16.0, 16.0 ] },
                "down": { "texture": "#6", "uv": [ 0.0, 0.0, 16.0, 16.0 ] }
            }
        },
        {
            "name": "Cube",
            "from": [ -16.0, 16.0, 28.0 ], 
            "to": [ 0.0, 32.0, 32.0 ], 
            "faces": {
                "north": { "texture": "#8", "uv": [ 0.0, 0.0, 16.0, 16.0 ] },
                "east": { "texture": "#8", "uv": [ 0.0, 0.0, 4.0, 16.0 ] },
                "south": { "texture": "#9", "uv": [ 0.0, 0.0, 16.0, 16.0 ] },
                "west": { "texture": "#10", "uv": [ 12.0, 0.0, 16.0, 16.0 ] },
                "up": { "texture": "#8", "uv": [ 0.0, 0.0, 16.0, 4.0 ] },
                "down": { "texture": "#8", "uv": [ 0.0, 0.0, 16.0, 4.0 ] }
            }
        },
        {
            "name": "Cube",
            "from": [ 0.0, 16.0, 28.0 ], 
            "to": [ 16.0, 32.0, 32.0 ], 
            "faces": {
                "north": { "texture": "#8", "uv": [ 0.0, 0.0, 16.0, 16.0 ] },
                "east": { "texture": "#8", "uv": [ 0.0, 0.0, 4.0, 16.0 ] },
                "south": { "texture": "#11", "uv": [ 0.0, 0.0, 16.0, 16.0 ] },
                "west": { "texture": "#8", "uv": [ 12.0, 0.0, 16.0, 16.0 ] },
                "up": { "texture": "#8", "uv": [ 0.0, 0.0, 16.0, 4.0 ] },
                "down": { "texture": "#8", "uv": [ 0.0, 0.0, 16.0, 4.0 ] }
            }
        },
        {
            "name": "Cube",
            "from": [ 16.0, 16.0, -16.0 ], 
            "to": [ 28.0, 32.0, -12.0 ], 
            "faces": {
                "north": { "texture": "#9", "uv": [ 4.0, 0.0, 16.0, 16.0 ] },
                "east": { "texture": "#8", "uv": [ 0.0, 0.0, 4.0, 16.0 ] },
                "south": { "texture": "#8", "uv": [ 0.0, 0.0, 16.0, 16.0 ] },
                "west": { "texture": "#8", "uv": [ 12.0, 0.0, 16.0, 16.0 ] },
                "up": { "texture": "#8", "uv": [ 0.0, 0.0, 16.0, 4.0 ] },
                "down": { "texture": "#8", "uv": [ 0.0, 0.0, 12.0, 4.0 ] }
            }
        },
        {
            "name": "Cube",
            "from": [ 28.0, 16.0, 16.0 ], 
            "to": [ 32.0, 32.0, 28.0 ], 
            "faces": {
                "north": { "texture": "#8", "uv": [ 0.0, 0.0, 4.0, 16.0 ] },
                "east": { "texture": "#9", "uv": [ 4.0, 0.0, 16.0, 16.0 ] },
                "south": { "texture": "#8", "uv": [ 0.0, 0.0, 4.0, 16.0 ] },
                "west": { "texture": "#8", "uv": [ 0.0, 0.0, 16.0, 16.0 ] },
                "up": { "texture": "#8", "uv": [ 0.0, 0.0, 3.0, 11.0 ] },
                "down": { "texture": "#8", "uv": [ 0.0, 0.0, 2.0, 10.0 ] }
            }
        },
        {
            "name": "Cube",
            "from": [ 28.0, 16.0, 0.0 ], 
            "to": [ 32.0, 32.0, 16.0 ], 
            "faces": {
                "north": { "texture": "#8", "uv": [ 0.0, 0.0, 4.0, 16.0 ] },
                "east": { "texture": "#11", "uv": [ 0.0, 0.0, 16.0, 16.0 ] },
                "south": { "texture": "#8", "uv": [ 0.0, 0.0, 4.0, 16.0 ] },
                "west": { "texture": "#8", "uv": [ 0.0, 0.0, 16.0, 16.0 ] },
                "up": { "texture": "#8", "uv": [ 0.0, 0.0, 3.0, 11.0 ] },
                "down": { "texture": "#8", "uv": [ 0.0, 0.0, 4.0, 16.0 ] }
            }
        },
        {
            "name": "Cube",
            "from": [ 28.0, 16.0, -16.0 ], 
            "to": [ 32.0, 32.0, 0.0 ], 
            "faces": {
                "north": { "texture": "#9", "uv": [ 0.0, 0.0, 4.0, 16.0 ] },
                "east": { "texture": "#10", "uv": [ 0.0, 0.0, 16.0, 16.0 ] },
                "south": { "texture": "#8", "uv": [ 0.0, 0.0, 4.0, 16.0 ] },
                "west": { "texture": "#8", "uv": [ 0.0, 0.0, 16.0, 16.0 ] },
                "up": { "texture": "#8", "uv": [ 0.0, 0.0, 3.0, 11.0 ] },
                "down": { "texture": "#8", "uv": [ 0.0, 0.0, 4.0, 16.0 ] }
            }
        },
        {
            "name": "Cube",
            "from": [ 16.0, 16.0, 16.0 ], 
            "to": [ 28.0, 32.0, 28.0 ], 
            "faces": {
                "north": { "texture": "#8", "uv": [ 0.0, 0.0, 12.0, 16.0 ] },
                "east": { "texture": "#12", "uv": [ 0.0, 0.0, 12.0, 16.0 ] },
                "south": { "texture": "#12", "uv": [ 0.0, 0.0, 12.0, 16.0 ] },
                "west": { "texture": "#8", "uv": [ 0.0, 0.0, 8.0, 16.0 ] },
                "up": { "texture": "#8", "uv": [ 0.0, 0.0, 12.0, 12.0 ] },
                "down": { "texture": "#8", "uv": [ 0.0, 0.0, 12.0, 12.0 ] }
            }
        },
        {
            "name": "Cube",
            "from": [ 0.0, 16.0, 16.0 ], 
            "to": [ 16.0, 32.0, 28.0 ], 
            "faces": {
                "north": { "texture": "#8", "uv": [ 0.0, 0.0, 16.0, 16.0 ] },
                "east": { "texture": "#8", "uv": [ 0.0, 0.0, 12.0, 16.0 ] },
                "south": { "texture": "#12", "uv": [ 0.0, 0.0, 16.0, 16.0 ] },
                "west": { "texture": "#8", "uv": [ 0.0, 0.0, 8.0, 16.0 ] },
                "up": { "texture": "#8", "uv": [ 0.0, 0.0, 16.0, 12.0 ] },
                "down": { "texture": "#8", "uv": [ 0.0, 0.0, 16.0, 12.0 ] }
            }
        },
        {
            "name": "Cube",
            "from": [ -12.0, 16.0, 16.0 ], 
            "to": [ 0.0, 32.0, 28.0 ], 
            "faces": {
                "north": { "texture": "#8", "uv": [ 0.0, 0.0, 12.0, 16.0 ] },
                "east": { "texture": "#8", "uv": [ 0.0, 0.0, 12.0, 16.0 ] },
                "south": { "texture": "#12", "uv": [ 0.0, 0.0, 12.0, 16.0 ] },
                "west": { "texture": "#12", "uv": [ 0.0, 0.0, 12.0, 16.0 ] },
                "up": { "texture": "#8", "uv": [ 0.0, 0.0, 16.0, 12.0 ] },
                "down": { "texture": "#8", "uv": [ 0.0, 0.0, 12.0, 12.0 ] }
            }
        },
        {
            "name": "Cube",
            "from": [ 16.0, 16.0, 0.0 ], 
            "to": [ 28.0, 32.0, 16.0 ], 
            "faces": {
                "north": { "texture": "#8", "uv": [ 0.0, 0.0, 12.0, 16.0 ] },
                "east": { "texture": "#12", "uv": [ 0.0, 0.0, 16.0, 16.0 ] },
                "south": { "texture": "#8", "uv": [ 0.0, 0.0, 12.0, 16.0 ] },
                "west": { "texture": "#8", "uv": [ 0.0, 0.0, 12.0, 16.0 ] },
                "up": { "texture": "#8", "uv": [ 0.0, 0.0, 16.0, 12.0 ] },
                "down": { "texture": "#8", "uv": [ 0.0, 0.0, 12.0, 16.0 ] }
            }
        },
        {
            "name": "Cube",
            "from": [ 16.0, 16.0, 28.0 ], 
            "to": [ 32.0, 32.0, 32.0 ], 
            "faces": {
                "north": { "texture": "#8", "uv": [ 4.0, 0.0, 16.0, 16.0 ] },
                "east": { "texture": "#9", "uv": [ 0.0, 0.0, 4.0, 16.0 ] },
                "south": { "texture": "#10", "uv": [ 0.0, 0.0, 16.0, 16.0 ] },
                "west": { "texture": "#8", "uv": [ 12.0, 0.0, 16.0, 16.0 ] },
                "up": { "texture": "#8", "uv": [ 0.0, 0.0, 16.0, 4.0 ] },
                "down": { "texture": "#8", "uv": [ 0.0, 0.0, 16.0, 4.0 ] }
            }
        },
        {
            "name": "Cube",
            "from": [ 16.0, 16.0, -12.0 ], 
            "to": [ 28.0, 32.0, 0.0 ], 
            "faces": {
                "north": { "texture": "#12", "uv": [ 0.0, 0.0, 12.0, 16.0 ] },
                "east": { "texture": "#12", "uv": [ 0.0, 0.0, 12.0, 16.0 ] },
                "south": { "texture": "#8", "uv": [ 0.0, 0.0, 12.0, 16.0 ] },
                "west": { "texture": "#8", "uv": [ 0.0, 0.0, 8.0, 16.0 ] },
                "up": { "texture": "#8", "uv": [ 0.0, 0.0, 16.0, 16.0 ] },
                "down": { "texture": "#8", "uv": [ 0.0, 0.0, 12.0, 12.0 ] }
            }
        },
        {
            "name": "Cube",
            "from": [ 0.0, 16.0, -16.0 ], 
            "to": [ 16.0, 32.0, -12.0 ], 
            "faces": {
                "north": { "texture": "#11", "uv": [ 0.0, 0.0, 16.0, 16.0 ] },
                "east": { "texture": "#8", "uv": [ 0.0, 0.0, 4.0, 16.0 ] },
                "south": { "texture": "#8", "uv": [ 0.0, 0.0, 16.0, 16.0 ] },
                "west": { "texture": "#8", "uv": [ 12.0, 0.0, 16.0, 16.0 ] },
                "up": { "texture": "#8", "uv": [ 0.0, 0.0, 16.0, 4.0 ] },
                "down": { "texture": "#8", "uv": [ 0.0, 0.0, 16.0, 4.0 ] }
            }
        },
        {
            "name": "Cube",
            "from": [ 0.0, 16.0, -12.0 ], 
            "to": [ 16.0, 32.0, 0.0 ], 
            "faces": {
                "north": { "texture": "#12", "uv": [ 0.0, 0.0, 16.0, 16.0 ] },
                "east": { "texture": "#8", "uv": [ 0.0, 0.0, 12.0, 16.0 ] },
                "south": { "texture": "#8", "uv": [ 0.0, 0.0, 16.0, 16.0 ] },
                "west": { "texture": "#8", "uv": [ 12.0, 0.0, 16.0, 16.0 ] },
                "up": { "texture": "#8", "uv": [ 0.0, 0.0, 16.0, 4.0 ] },
                "down": { "texture": "#8", "uv": [ 0.0, 0.0, 16.0, 12.0 ] }
            }
        },
        {
            "name": "Cube",
            "from": [ -12.0, 16.0, -12.0 ], 
            "to": [ 0.0, 32.0, 0.0 ], 
            "faces": {
                "north": { "texture": "#12", "uv": [ 0.0, 0.0, 12.0, 16.0 ] },
                "east": { "texture": "#8", "uv": [ 0.0, 0.0, 12.0, 16.0 ] },
                "south": { "texture": "#8", "uv": [ 0.0, 0.0, 16.0, 16.0 ] },
                "west": { "texture": "#12", "uv": [ 0.0, 0.0, 12.0, 16.0 ] },
                "up": { "texture": "#8", "uv": [ 0.0, 0.0, 16.0, 4.0 ] },
                "down": { "texture": "#8", "uv": [ 0.0, 0.0, 12.0, 12.0 ] }
            }
        },
        {
            "name": "Cube",
            "from": [ -16.0, 16.0, -16.0 ], 
            "to": [ 0.0, 32.0, -12.0 ], 
            "faces": {
                "north": { "texture": "#10", "uv": [ 0.0, 0.0, 16.0, 16.0 ] },
                "east": { "texture": "#8", "uv": [ 0.0, 0.0, 4.0, 16.0 ] },
                "south": { "texture": "#8", "uv": [ 0.0, 0.0, 16.0, 16.0 ] },
                "west": { "texture": "#9", "uv": [ 0.0, 0.0, 4.0, 16.0 ] },
                "up": { "texture": "#8", "uv": [ 0.0, 0.0, 16.0, 4.0 ] },
                "down": { "texture": "#8", "uv": [ 0.0, 0.0, 16.0, 4.0 ] }
            }
        },
        {
            "name": "Cube",
            "from": [ -12.0, 16.0, 0.0 ], 
            "to": [ 0.0, 32.0, 16.0 ], 
            "faces": {
                "north": { "texture": "#8", "uv": [ 0.0, 0.0, 12.0, 16.0 ] },
                "east": { "texture": "#8", "uv": [ 0.0, 0.0, 16.0, 16.0 ] },
                "south": { "texture": "#8", "uv": [ 0.0, 0.0, 12.0, 16.0 ] },
                "west": { "texture": "#12", "uv": [ 0.0, 0.0, 16.0, 16.0 ] },
                "up": { "texture": "#8", "uv": [ 0.0, 0.0, 12.0, 16.0 ] },
                "down": { "texture": "#8", "uv": [ 0.0, 0.0, 12.0, 16.0 ] }
            }
        },
        {
            "name": "Cube",
            "from": [ -16.0, 16.0, 0.0 ], 
            "to": [ -12.0, 32.0, 16.0 ], 
            "faces": {
                "north": { "texture": "#8", "uv": [ 0.0, 0.0, 4.0, 16.0 ] },
                "east": { "texture": "#8", "uv": [ 0.0, 0.0, 16.0, 16.0 ] },
                "south": { "texture": "#8", "uv": [ 0.0, 0.0, 4.0, 16.0 ] },
                "west": { "texture": "#11", "uv": [ 0.0, 0.0, 16.0, 16.0 ] },
                "up": { "texture": "#8", "uv": [ 0.0, 0.0, 4.0, 16.0 ] },
                "down": { "texture": "#8", "uv": [ 0.0, 0.0, 4.0, 16.0 ] }
            }
        },
        {
            "name": "Cube",
            "from": [ -16.0, 16.0, -12.0 ], 
            "to": [ -12.0, 32.0, 0.0 ], 
            "faces": {
                "north": { "texture": "#8", "uv": [ 0.0, 0.0, 4.0, 16.0 ] },
                "east": { "texture": "#8", "uv": [ 0.0, 0.0, 12.0, 16.0 ] },
                "south": { "texture": "#8", "uv": [ 0.0, 0.0, 4.0, 16.0 ] },
                "west": { "texture": "#9", "uv": [ 4.0, 0.0, 16.0, 16.0 ] },
                "up": { "texture": "#8", "uv": [ 0.0, 0.0, 4.0, 12.0 ] },
                "down": { "texture": "#8", "uv": [ 0.0, 0.0, 4.0, 12.0 ] }
            }
        },
        {
            "name": "Cube",
            "from": [ -16.0, 16.0, 16.0 ], 
            "to": [ -12.0, 32.0, 28.0 ], 
            "faces": {
                "north": { "texture": "#8", "uv": [ 0.0, 0.0, 4.0, 16.0 ] },
                "east": { "texture": "#8", "uv": [ 0.0, 0.0, 12.0, 16.0 ] },
                "south": { "texture": "#8", "uv": [ 0.0, 0.0, 4.0, 16.0 ] },
                "west": { "texture": "#10", "uv": [ 0.0, 0.0, 12.0, 16.0 ] },
                "up": { "texture": "#8", "uv": [ 0.0, 0.0, 4.0, 12.0 ] },
                "down": { "texture": "#8", "uv": [ 0.0, 0.0, 4.0, 12.0 ] }
            }
        }
    ]
}