{
    "entries":[
        {
            "key":"HANGINGLABEL",
            "name" :"research.HANGINGLABEL.title",
            "icons":["thaumcraft:textures/items/label.png"],
            "category":"ISORROPIA",
            "parents": ["WARDEDJARS"],      
            "meta": ["ROUND", "HIDDEN"],   
            "location" : [0, -1],

            "stages":[
                {
                    "text":"research.HANGINGLABEL.stage.1.text"
                }
            ]
        },
        {
            "key":"ARCANECAKE",
            "name" :"research.ARCANECAKE.title",
            "icons":["isorropia:textures/items/arcane_cake.png"],
            "category":"ISORROPIA",
            "parents": ["UNLOCKINFUSION"],
            "meta": ["ROUND", "HIDDEN"],   
            "location" : [0, 1],

            "stages":[
                {
                    "text":"research.ARCANECAKE.stage.1.text",
        			"required_item":["minecraft:cake",
						"thaumcraft:crystal_essence;1;0;{Aspects:[{amount:1,key:'invidia'}]}",
						"thaumcraft:phial;1;1;{Aspects:[{amount:10,key:'gula'}]}"]
                },
                {
                    "text":"research.ARCANECAKE.stage.2.text",
                    "recipes":["isorropia:arcane_cake"]
                }
            ]
        },
        {
            "key":"BASICINFUSION",
            "name" :"research.BASEINFUSION.title",
            "icons":["thaumcraft:textures/research/cat_infusion.png"],
            "category":"ISORROPIA",
            "parents": ["UNLOCKINFUSION"],      
            "meta": [ "ROUND", "HIDDEN"],   
            "location" : [0, 0],

            "stages":[
                {
                    "text":"research.BASEINFUSION.stage.1"
                }
            ]
        },
        {
            "key":"BASICARTIFICE",
            "name" :"research.BASEARTIFICE.title",
	        "icons": [ "thaumcraft:textures/research/cat_artifice.png" ],
	        "category": "ISORROPIA", 
	        "location": [-2, 2], 
	        "parents": [ "UNLOCKARTIFICE", "BASICINFUSION"],        
	        "meta": ["ROUND", "HIDDEN"],
	        "stages": [
	                {
	                    "text": "research.BASEARTIFICE.stage.1" 
	                }
	            ]
        },
        {
        	"key":"SOMATICBRAIN",
        	"name" :"research.SOMATICBRAIN.title",
	        "icons": [ "isorropia:textures/items/somatic_brain.png" ],
	        "category": "ISORROPIA",
	        "location": [-3, 4],
	        "parents": ["BASICARTIFICE", "JARBRAIN", "MINDBIOTHAUMIC"],
	        "meta": ["HIDDEN"],
	        "stages": [
	        	{
	            	"text": "research.SOMATICBRAIN.stage.1.text",
	            	"required_item":["thaumcraft:brain"],
	            	"required_knowledge":["THEORY;ARTIFICE;1"]
	            },
	            {
	           		"text": "research.SOMATICBRAIN.stage.2.text",
	                "recipes":["isorropia:somatic_brain"],
	                "warp":3
	            }
	        ]
        },
        {
        	"key":"SKULLTAKER",
        	"name" :"research.SKULLTAKER.title",
	        "icons": [ "isorropia:textures/items/skulltaker.png" ],
	        "category": "ISORROPIA",
	        "location": [-1, 4],
	        "parents": ["BASICARTIFICE"],
	        "meta": ["HIDDEN"],
	        "stages": [
	        	{
	            	"text": "research.SKULLTAKER.stage.1.text",
	            	"required_item":["thaumcraft:thaumium_axe"],
	            	"required_research":["!scan.skull"],
	            	"required_knowledge":["OBSERVATION;ARTIFICE;1"]
	            },
	            {
	           		"text": "research.SKULLTAKER.stage.2.text",
	                "recipes":["isorropia:skulltaker"],
	                "warp":3
	            }
	        ]
        },
       	{
            "key":"ARCANELENSES",
            "name" :"research.ARCANELENSES.title",
	        "icons": [ "isorropia:textures/items/base_lens.png" ],
	        "category": "ISORROPIA", 
	        "location": [-4, 1],
	        "parents": [ "BASICARTIFICE"],        
	        "meta": ["ROUND", "HIDDEN", "SPIKY"],
	        "stages": [
	                {
	                    "text": "research.ARCANELENSES.stage.1.text",	                    
						"required_item":["minecraft:glass_pane"],
						"required_knowledge":["THEORY;ARTIFICE;1", "THEORY;AUROMANCY;1"]
	                },
	                {
	                	"text":"research.ARCANELENSES.stage.2.text",
	                	"recipes":["isorropia:base_lens"]
	                }
	            ]
        },
		{
		    "key":"FIRELENS",
            "name" :"research.FIRELENS.title",
	        "icons": [ "isorropia:textures/items/fire_lens.png" ],
	        "category": "ISORROPIA",
	        "location": [-6, 0],
	        "parents": [ "ARCANELENSES"],
	        "meta": ["ROUND", "HIDDEN"],
	        "stages": [
	                {
	                    "text": "research.FIRELENS.stage.1.text",
	                    "required_item":["isorropia:lens", "thaumcraft:crystal_essence;1;0;{Aspects:[{amount:1,key:'ignis'}]}"]
	                },
					{
						"text": "research.FIRELENS.stage.2.text",
						"required_research":["!scan.sun"]
					},
					{
						"text": "research.FIRELENS.stage.3.text",
	                	"recipes":["isorropia:lens_fire"]
					}
	            ]
		},
        {
            "key":"ORDOLENS",
            "name" :"research.ORDOLENS.title",
	        "icons": [ "isorropia:textures/items/ordo_lens.png" ],
	        "category": "ISORROPIA", 
	        "location": [-5, 3], 
	        "parents": [ "ARCANELENSES"],        
	        "meta": ["ROUND", "HIDDEN"],
	        "stages": [
	                {
	                    "text": "research.ORDOLENS.stage.1.text",
						"required_item": ["thaumcraft:thaumometer", "isorropia:lens", "thaumcraft:crystal_essence;1;0;{Aspects:[{amount:1,key:'ordo'}]}"]
	                },
					{
						"text": "research.ORDOLENS.stage.2.text",
						"recipes":["isorropia:lens_ordo"]
					}
	            ]
        },
        {
            "key":"AIRLENS",
            "name" :"research.AIRLENS.title",
	        "icons": [ "isorropia:textures/items/air_lens.png" ],
	        "category": "ISORROPIA", 
	        "location": [-8, 0], 
	        "parents": [ "ARCANELENSES", "FIRELENS"],        
	        "meta": ["ROUND", "HIDDEN"],
	        "stages": [
	                {
	                    "text": "research.AIRLENS.stage.1.text",
	                    "required_item":["isorropia:lens", "thaumcraft:crystal_essence;1;0;{Aspects:[{amount:1,key:'aer'}]}"],
						"required_knowledge":["OBSERVATION;AUROMANCY;1"]
	                },
					{
						"text": "research.AIRLENS.stage.2.text",
						"recipes": ["isorropia:lens_air"]
					}
	            ]
        },
        {
            "key":"ENVYLENS",
            "name" :"research.ENVYLENS.title",
	        "icons": [ "isorropia:textures/items/envy_lens.png" ],
	        "category": "ISORROPIA", 
	        "location": [-7, 2], 
	        "parents": [ "ARCANELENSES", "AIRLENS"],        
	        "meta": ["ROUND", "HIDDEN"],
	        "stages": [
	                {
	                    "text": "research.ENVYLENS.stage.1.text",
	                   	"required_item":["isorropia:lens", "thaumcraft:crystal_essence;1;0;{Aspects:[{amount:1,key:'invidia'}]}"],
						"required_knowledge":["THEORY;AUROMANCY;1", "THEORY;ARTIFICE;1"]
	                },
					{
						"text": "research.ENVYLENS.stage.2.text",
						"recipes": ["isorropia:lens_envy"],
						"warp": 2
					}
	            ]
        },
	    {
	        "key": "WIP_ESOTERICARTIFICE",    
	        "name": "research.esotericartifice.title",
	        "icons": [ "thaumcraft:textures/research/cat_artifice.png" ],
	        "category": "ISORROPIA", 
	        "location": [2, 2], 
	        "parents": [ "UNLOCKARTIFICE", "BASICINFUSION"],        
	        "meta": ["ROUND", "HIDDEN"],        
	        "stages": [
	                {
	                    "text": "research.BASEARTIFICE.stage.1" 
	                }
	            ]
        },
        {
            "key": "CURATIVEVAT",
            "name":"research.CURATIVEVAT.title",
            "icons":["isorropia:textures/research/cat_curativevat.png"],
            "category":"ISORROPIA",
            "parents": ["WIP_ESOTERICARTIFICE", "!scan.corrupted"],
            "meta": ["HIDDEN", "SPIKY"],
            "location":[4, 3],

            "stages":[
                {
                    "text":"research.CURATIVEVAT.stage.1.text",
					"required_item":["thaumcraft:taint_rock;15", "thaumcraft:taint_soil;15"],
                    "required_research":["!scan.taint", "!scan.corrupted"],
					"required_knowledge":["OBSERVATION;ALCHEMY;1"]
                },
				{				
					"text":"research.CURATIVEVAT.stage.2.text",
					"required_research":["!experiment.villager_zombie"],
					"required_knowledge":["THEORY;ALCHEMY;1"]
				},
				{
					"text":"research.CURATIVEVAT.stage.3.text",
					"required_item":["thaumcraft:infusion_matrix"],
					"required_knowledge":["THEORY;ARTIFICE;1", "THEORY;INFUSION;1"]
				},
				{
					"text":"research.CURATIVEVAT.stage.4.text",
                    "recipes":["isorropia:curative_vat"]
				}
            ],
            "addenda":[
                {
                    "text": "research.curativevat.addenda.1.text",
                    "required_research":["CONTAINMENT"]
                }
            ]
        },
		{
		    "key":"CONTAINMENT",
            "name" :"research.CONTAINMENT.title",
	        "icons": [ "focus:isorropia.FOCUSCONTAINMENT" ],
	        "category": "ISORROPIA",
	        "location": [6, 2],
			"parents": ["CURATIVEVAT"],
	        "meta": ["HIDDEN"],
	        "stages": [
	                {
	                    "text": "research.CONTAINMENT.stage.1.text",
						"required_research":["!experiment.teleportation"]
	                },
					{
						"text": "research.CONTAINMENT.stage.2.text"
					}
	            ]
		},
        {
        	"key":"CREATUREINFUSIONS",
        	"name":"research.CREATUREINFUSIONS.title",
        	"icons":["isorropia:textures/research/cat_awakened_blood.png", "isorropia:textures/research/cat_diamond_skin.png", "isorropia:textures/research/cat_quicksilver_limbs.png", "isorropia:textures/research/cat_shockskin.png"],
        	"category":"ISORROPIA",
        	"parents":["CONTAINMENT", "INFUSION"],
            "meta": ["HIDDEN", "SPIKY", "ROUND"],
        	"location":[6, 0],

        	"stages":[
        		{
        			"text":"research.CREATUREINFUSIONS.stage.1.text",
        			"required_knowledge":["OBSERVATION;ISORROPIA;1"],
        			"required_research":["!scan.animal;isorropia:textures/research/cat_cow.png"]
        		},
        		{
        			"text":"research.CREATUREINFUSIONS.stage.2.text",
                    "recipes":["isorropia:modified_matrix"],
                    "required_craft":["isorropia:modified_matrix"]
        		},
        		{
        			"text":"research.CREATUREINFUSIONS.stage.3.text",
                    "recipes":["isorropia:modified_matrix", "isorropia:awakened_blood"]
        		}
        	]        	
        },
        {
        	"key":"SPECIEINFUSIONS",
        	"name":"research.SPECIEINFUSIONS.title",
        	"icons":["thaumcraft:textures/research/cat_infusion.png"],
        	"category":"ISORROPIA",
        	"parents":["CREATUREINFUSIONS"],
            "meta": ["HIDDEN", "SPIKY"],
        	"location":[6, -3],
        	
        	"stages":[
        		{
        			"text":"research.SPECIEINFUSIONS.stage.1.text"
        		}
        	]
        },
        {
        	"key":"OREBOAR",
        	"name":"research.OREBOAR.title",
        	"icons":["isorropia:textures/research/cat_pig.png"],
        	"category":"ISORROPIA",
        	"parents":["SPECIEINFUSIONS"],
            "meta": ["HIDDEN"],   
        	"location":[6, -6],
        	
        	"stages":[
        		{
        			"text":"research.OREBOAR.stage.1.text",
        			"required_knowledge":["THEORY;ALCHEMY;1"],
        			"required_item":["minecraft:iron_nugget", "minecraft:gold_nugget",
        				"thaumcraft:crystal_essence;1;0;{Aspects:[{amount:1,key:'ignis'}]}",
        				"thaumcraft:phial;1;1;{Aspects:[{amount:10,key:'ignis'}]}",
        				"minecraft:furnace"]
        		},
        		{
        		
        			"text":"research.OREBOAR.stage.2.text",
        			"recipes":["isorropia:ore_boar"]
        		}
        	]
        },
        {
        	"key":"TAINTFEEDER",
        	"name":"research.TAINTFEEDER.title",
        	"icons":["isorropia:textures/research/cat_pig.png"],
        	"category":"ISORROPIA",
        	"parents":["OREBOAR"],
            "meta": ["HIDDEN"],   
        	"location":[6, -8],

        	"stages":[
        		{
        			"text":"research.TAINTFEEDER.stage.1.text",
        			"required_item":["thaumcraft:taint_fibre;15", "thaumcraft:taint_crust;10", "thaumcraft:taint_soil;20", "thaumcraft:taint_rock:20", "thaumcraft:taint_log;20"],
        			"required_knowledge":["!scan.taintsrc", "THEORY;ALCHEMY;1"]
        		},
        		{
        			"text":"research.TAINTFEEDER.stage.2.text",
        		    "recipes":["isorropia:taintfeeder"]
        		}
        	]        	
        },
        {
        	"key":"SCHOLARSCHICKEN",
        	"name":"research.SCHOLARSCHICKEN.title",
        	"icons":["isorropia:textures/research/cat_chicken.png"],
        	"category":"ISORROPIA",
        	"parents":["SPECIEINFUSIONS"],
            "meta": ["HIDDEN"],   
        	"location":[5, -5],
        	
        	"stages":[
        		{
        			"text":"research.SCHOLARSCHICKEN.stage.1.text",
        			"required_knowledge":["OBSERVATION;ALCHEMY;1"],
        			"required_item":["minecraft:dye;1;0", "minecraft:egg"]
        		},
        		{
        			"text":"research.SCHOLARSCHICKEN.stage.2.text",
        			"recipes":["isorropia:scholarschicken"]
        		}
        	]        	
        },     
             {
        	"key":"CHROMATICSHEEP",
        	"name":"research.CHROMATICSHEEP.title",
        	"icons":["isorropia:textures/research/cat_sheep.png"],
        	"category":"ISORROPIA",
        	"parents":["SPECIEINFUSIONS"],
            "meta": ["HIDDEN"],
        	"location":[4, -4],
        	
        	"stages":[
        		{
        			"text":"research.CHROMATICSHEEP.stage.1.text",
        			"required_knowledge":["OBSERVATION;ALCHEMY;1"],
        			"required_item":["minecraft:dye;1;1", "minecraft:dye;1;2", "minecraft:dye;1;4"]
        		},
        		{
        		    "text":"research.CHROMATICSHEEP.stage.2.text",
        			"recipes":["isorropia:chromaticsheep"]
        		}
        	]        	
        },
       	{
        	"key":"GRAVEKEEPERINFUSION",
        	"name":"research.GRAVEKEEPERINFUSIONS.title",
        	"icons":["isorropia:textures/research/cat_ocelot.png"],
        	"category":"ISORROPIA",
        	"parents":["SPECIEINFUSIONS"],
            "meta": ["HIDDEN"],   
        	"location":[7, -5],
        	
        	"stages":[
        		{
        			"text":"research.GRAVEKEEPERINFUSIONS.stage.1.text",
        			"required_knowledge":["OBSERVATION;AUROMANCY;1"],
        			"required_item":["thaumcraft:brain", "thaumcraft:phial;1;1;{Aspects:[{amount:10,key:'mortuus'}]}"]
        		},
        		{
        		    "text":"research.GRAVEKEEPERINFUSIONS.stage.2.text",
        			"recipes":["isorropia:gravekeeper"]
        		}
        	]
        },
        {
        	"key":"JELLYRABBIT",
        	"name":"research.JELLYRABBIT.title",
        	"icons":["isorropia:textures/research/cat_rabbit.png"],
        	"category":"ISORROPIA",
        	"parents":["GRAVEKEEPERINFUSION"],
            "meta": ["HIDDEN"],   
        	"location":[10, -6],
        	
        	"stages":[
        		{
        			"text":"research.JELLYRABBIT.stage.1.text",
        			"required_research":["!scan.rabbit;isorropia:textures/research/cat_rabbit.png", "!scan.slime;isorropia:textures/research/cat_slime.png"],
                    "required_item":[
                    	"minecraft:slime",
                        "thaumcraft:crystal_essence;1;0;{Aspects:[{amount:1,key:'aer'}]}",
                        "thaumcraft:crystal_essence;1;0;{Aspects:[{amount:1,key:'terra'}]}",
                        "thaumcraft:crystal_essence;1;0;{Aspects:[{amount:1,key:'ignis'}]}",
                        "thaumcraft:crystal_essence;1;0;{Aspects:[{amount:1,key:'aqua'}]}",
                        "thaumcraft:crystal_essence;1;0;{Aspects:[{amount:1,key:'ordo'}]}",
                        "thaumcraft:crystal_essence;1;0;{Aspects:[{amount:1,key:'perditio'}]}"
                        ]
        		},
        		{
        		    "text":"research.JELLYRABBIT.stage.2.text",
        		    "recipes":["isorropia:jelly_rabbit"]
        		}
        	]
        },
        {
        	"key":"SIMILITUDOINFUSIONS",
        	"name":"research.SIMILITUDOINFUSIONS.title",
        	"icons":["thaumcraft:textures/research/cat_infusion.png"],
        	"category":"ISORROPIA",
        	"parents":["CREATUREINFUSIONS"],
            "meta": ["HIDDEN", "SPIKY"],
        	"location":[8, 2],
        	
        	"stages":[
        		{
        			"text":"research.SIMILITUDOINFUSIONS.stage.1.text",
        			"required_research":["!scan.chicken;isorropia:textures/research/cat_chicken.png",
        								"!scan.cow;isorropia:textures/research/cat_cow.png",
        								"!scan.pig;isorropia:textures/research/cat_pig.png"],
        		    "required_knowledge":["OBSERVATION;INFUSION;1"]
        		},
        		{
        			"text":"research.SIMILITUDOINFUSIONS.stage.2.text",
        			"required_research":["!scan.pigman"]
        		},
        		{
        			"text":"research.SIMILITUDOINFUSIONS.stage.3.text",
        			"required_research":["!scan.enderman",
        								"!scan.golem",
        								"!scan.villager"],
        		    "required_knowledge":["THEORY;INFUSION;1"]
        		},
        		{
        			"text":"research.SIMILITUDOINFUSIONS.stage.4.text"
        		}
        	]        	
        },
        {
        	"key":"INSTILLEDFIDELITY",
        	"name":"research.INSTILLEDFIDELITY.title",
        	"icons":["isorropia:textures/research/cat_instilledloyalty.png"],
        	"category":"ISORROPIA",
        	"parents":["SIMILITUDOINFUSIONS"],
            "meta": ["HIDDEN", "HEX"],   
        	"location":[9, 1],

        	"stages":[
        		{
        			"text":"research.INSTILLEDFIDELITY.stage.1.text",
        		    "required_research":["!scan.fidelity"]
        		},
        		{
        			"text":"research.INSTILLEDFIDELITY.stage.2.text",
        			"recipes":["isorropia:instilledfidelity"]
        		}
        	]        	
        },
        {
        	"key":"SELFSHEARING",
        	"name":"research.SELFSHEARING.title",
        	"icons":["isorropia:textures/research/cat_selfshearing.png"],
        	"category":"ISORROPIA",
        	"parents":["SIMILITUDOINFUSIONS"],
            "meta": ["HIDDEN", "HEX"],   
        	"location":[10, 2],

        	"stages":[
        		{
        			"text":"research.SELFSHEARING.stage.1.text",
        			"required_research":["!scan.sheep;isorropia:textures/research/cat_sheep.png"]
        		},
        		{
        			"text":"research.SELFSHEARING.stage.2.text",
        			"recipes":["isorropia:selfshearing"]
        		}
        	]        	
        }
    ]
}