{
	"textures": {
		"0": "isorropia:blocks/vat_side",
		"1": "isorropia:blocks/vat_misc",
		"3": "blocks/water_still",
		"particle": "isorropia:blocks/vat_side"
	},
	"elements": [
		{
			"from": [-10, 16, 0],
			"to": [26, 32, 16],
			"faces": {
				"east": {"uv": [0, 0, 16, 16], "texture": "#3"},
				"west": {"uv": [0, 0, 16, 16], "texture": "#3"}
			}
		},
		{
			"from": [0, 16, 16],
			"to": [16, 32, 26],
			"faces": {
				"south": {"uv": [0, 0, 16, 16], "texture": "#3"}
			}
		},
		{
			"from": [0, 16, -10],
			"to": [16, 32, 0],
			"faces": {
				"north": {"uv": [0, 0, 16, 16], "texture": "#3"}
			}
		},
		{
			"from": [-10, 16, -10],
			"to": [0, 32, 0],
			"faces": {
				"north": {"uv": [0, 0, 10, 16], "texture": "#3"},
				"west": {"uv": [6, 0, 16, 16], "texture": "#3"}
			}
		},
		{
			"from": [-10, 16, 16],
			"to": [0, 32, 26],
			"faces": {
				"south": {"uv": [6, 0, 16, 16], "texture": "#3"},
				"west": {"uv": [0, 0, 10, 16], "texture": "#3"}
			}
		},
		{
			"from": [16, 16, 16],
			"to": [26, 32, 26],
			"faces": {
				"east": {"uv": [6, 0, 16, 16], "texture": "#3"},
				"south": {"uv": [0, 0, 10, 16], "texture": "#3"}
			}
		},
		{
			"from": [16, 16, -10],
			"to": [26, 32, 0],
			"faces": {
				"north": {"uv": [6, 0, 16, 16], "texture": "#3"},
				"east": {"uv": [0, 0, 10, 16], "texture": "#3"}
			}
		},
		{
			"from": [26, 16, -14],
			"to": [30, 32, 30],
			"faces": {
				"north": {"uv": [0.5, 8, 1.5, 12], "texture": "#0"},
				"east": {"uv": [0.5, 8, 11.5, 12], "texture": "#0"},
				"south": {"uv": [10.5, 8, 11.5, 12], "texture": "#0"},
				"west": {"uv": [0, 12, 11, 16], "texture": "#1"}
			}
		},
		{
			"from": [-14, 16, -14],
			"to": [-10, 32, 30],
			"faces": {
				"north": {"uv": [10.5, 8, 11.5, 12], "texture": "#0"},
				"east": {"uv": [0, 12, 11, 16], "texture": "#1"},
				"south": {"uv": [0.5, 8, 1.5, 12], "texture": "#0"},
				"west": {"uv": [0.5, 8, 11.5, 12], "texture": "#0"}
			}
		},
		{
			"from": [-10, 16, -14],
			"to": [26, 32, -10],
			"faces": {
				"north": {"uv": [1.5, 8, 10.5, 12], "texture": "#0"},
				"south": {"uv": [1, 12, 10, 16], "texture": "#1"}
			}
		},
		{
			"from": [-10, 16, 26],
			"to": [26, 32, 30],
			"faces": {
				"north": {"uv": [1, 12, 10, 16], "texture": "#1"},
				"south": {"uv": [1.5, 8, 10.5, 12], "texture": "#0"}
			}
		}
	],
	"groups": [
		{
			"name": "water",
			"children": [0, 1, 2, 3, 4, 5, 6]
		},
		{
			"name": "glass",
			"children": [7, 8, 9, 10]
		}
	]
}