{
	"credit": "Made with Blockbench",
	"textures": {
		"0": "isorropia:blocks/vat_side",
		"1": "isorropia:blocks/vat_misc",
		"3": "blocks/water_still",
		"particle": "isorropia:blocks/vat_side"
	},
	"elements": [
		{
			"from": [26, -16, -14],
			"to": [30, 0, 30],
			"faces": {
				"north": {"uv": [0.5, 4, 1.5, 8], "texture": "#0"},
				"east": {"uv": [0.5, 4, 11.5, 8], "texture": "#0"},
				"south": {"uv": [10.5, 4, 11.5, 8], "texture": "#0"},
				"west": {"uv": [11.25, 0, 15.25, 11], "rotation": 90, "texture": "#1"}
			}
		},
		{
			"from": [-14, -16, -14],
			"to": [-10, 0, 30],
			"faces": {
				"north": {"uv": [10.5, 4, 11.5, 8], "texture": "#0"},
				"east": {"uv": [11.25, 0, 15.25, 11], "rotation": 90, "texture": "#1"},
				"south": {"uv": [0.5, 4, 1.5, 8], "texture": "#0"},
				"west": {"uv": [0.5, 4, 11.5, 8], "texture": "#0"}
			}
		},
		{
			"from": [-10, -16, -14],
			"to": [26, 0, -10],
			"faces": {
				"north": {"uv": [1.5, 4, 10.5, 8], "texture": "#0"},
				"south": {"uv": [11.25, 1, 15.25, 10], "rotation": 90, "texture": "#1"}
			}
		},
		{
			"from": [-10, -16, 26],
			"to": [26, 0, 30],
			"faces": {
				"north": {"uv": [11.25, 1, 15.25, 10], "rotation": 90, "texture": "#1"},
				"south": {"uv": [1.5, 4, 10.5, 8], "texture": "#0"}
			}
		},
		{
			"from": [-10, -16, 0],
			"to": [26, 0, 16],
			"faces": {
				"east": {"uv": [0, 0, 16, 16], "texture": "#3"},
				"west": {"uv": [0, 0, 16, 16], "texture": "#3"}
			}
		},
		{
			"from": [0, -16, 16],
			"to": [16, 0, 26],
			"faces": {
				"south": {"uv": [0, 0, 16, 16], "texture": "#3"}
			}
		},
		{
			"from": [0, -16, -10],
			"to": [16, 0, 0],
			"faces": {
				"north": {"uv": [0, 0, 16, 16], "texture": "#3"}
			}
		},
		{
			"from": [-10, -16, -10],
			"to": [0, 0, -10],
			"faces": {
				"north": {"uv": [0, 0, 10, 16], "texture": "#3"},
				"west": {"uv": [6, 0, 16, 16], "texture": "#3"}
			}
		},
		{
			"from": [-10, -16, 16],
			"to": [0, 0, 26],
			"faces": {
				"south": {"uv": [6, 0, 16, 16], "texture": "#3"},
				"west": {"uv": [0, 0, 10, 16], "texture": "#3"}
			}
		},
		{
			"from": [16, -16, 16],
			"to": [26, 0, 26],
			"faces": {
				"east": {"uv": [6, 0, 16, 16], "texture": "#3"},
				"south": {"uv": [0, 0, 10, 16], "texture": "#3"}
			}
		},
		{
			"from": [16, -16, -10],
			"to": [26, 0, 0],
			"faces": {
				"north": {"uv": [6, 0, 16, 16], "texture": "#3"},
				"east": {"uv": [0, 0, 10, 16], "texture": "#3"}
			}
		},
		{
			"from": [-10, -16, -10],
			"to": [-10, 0, 0],
			"faces": {
				"south": {"uv": [6, 0, 16, 16], "texture": "#3"},
				"west": {"uv": [0, 0, 10, 16], "texture": "#3"}
			}
		}
	],
	"groups": [
		{
			"name": "glass",
			"children": [0, 1, 2, 3]
		},
		{
			"name": "water",
			"children": [4, 5, 6, 7, 8, 9, 10, 11]
		}
	]
}